date,stix,malpedia,secnews,cve
2014-11-03,109,1,3,17
2014-11-04,46,1,10,44
2014-11-05,195,0,13,18
2014-11-06,216,0,8,23
2014-11-07,89,0,8,19
2014-11-08,91,1,0,7
2014-11-09,12,0,0,0
2014-11-10,116,4,7,17
2014-11-11,46,1,5,50
2014-11-12,63,1,0,3
2014-11-13,37,4,12,8
2014-11-14,46,2,12,8
2014-11-15,42,1,0,12
2014-11-16,34,0,0,22
2014-11-17,37,0,20,14
2014-11-18,16,0,19,28
2014-11-19,56,1,5,24
2014-11-20,26,0,6,21
2014-11-21,51,1,0,13
2014-11-22,31,0,1,0
2014-11-23,22,0,0,9
2014-11-24,18,3,0,38
2014-11-25,20,2,2,20
2014-11-26,41,2,6,18
2014-11-27,20,1,0,1
2014-11-28,25,0,0,16
2014-11-29,25,0,0,0
2014-11-30,29,1,0,13
2014-12-01,16,2,5,12
2014-12-02,75,0,8,20
2014-12-03,265,0,9,14
2014-12-04,31,1,12,7
2014-12-05,34,0,10,29
2014-12-06,43,0,1,8
2014-12-07,15,0,0,2
2014-12-08,22,2,6,33
2014-12-09,16,4,6,17
2014-12-10,36,1,8,65
2014-12-11,22,1,16,50
2014-12-12,31,0,6,31
2014-12-13,22,0,0,2
2014-12-14,3,0,0,0
2014-12-15,9,1,11,29
2014-12-16,3,1,5,22
2014-12-17,6,1,6,18
2014-12-18,15,3,3,22
2014-12-19,53,2,2,47
2014-12-20,45,0,0,9
2014-12-21,2,0,0,0
2014-12-22,95,0,6,10
2014-12-23,8,0,6,13
2014-12-24,35,0,6,31
2014-12-25,10,0,0,5
2014-12-26,19,0,0,20
2014-12-27,18,0,1,14
2014-12-28,20,0,0,13
2014-12-29,29,0,4,9
2014-12-30,7148,0,8,4
2014-12-31,15290,0,8,27
2015-01-01,13,0,0,0
2015-01-02,515,0,5,21
2015-01-03,24,0,0,1
2015-01-04,28,0,0,6
2015-01-05,24,0,9,13
2015-01-06,50,1,9,6
2015-01-07,30,0,6,18
2015-01-08,6571,2,2,9
2015-01-09,37,1,8,28
2015-01-10,306,0,0,17
2015-01-11,26,1,0,0
2015-01-12,28,1,14,6
2015-01-13,1982,1,18,81
2015-01-14,757,1,13,18
2015-01-15,556,1,14,35
2015-01-16,794,0,13,34
2015-01-17,381,0,0,14
2015-01-18,268,0,0,5
2015-01-19,783,0,9,0
2015-01-20,270,2,15,8
2015-01-21,514,0,13,163
2015-01-22,536,3,4,36
2015-01-23,521,0,1,10
2015-01-24,525,0,0,0
2015-01-25,539,0,0,0
2015-01-26,529,1,14,10
2015-01-27,601,0,12,21
2015-01-28,532,0,14,10
2015-01-29,25,1,7,10
2015-01-30,44,0,3,47
2015-01-31,781,0,0,0
2015-02-01,523,0,0,15
2015-02-02,26,0,6,25
2015-02-03,788,0,16,34
2015-02-04,529,1,11,18
2015-02-05,535,1,8,0
2015-02-06,672,1,6,40
2015-02-07,264,0,3,11
2015-02-08,527,0,0,22
2015-02-09,520,1,5,5
2015-02-10,335,2,19,10
2015-02-11,393,1,9,58
2015-02-12,604,1,7,18
2015-02-13,598,0,5,20
2015-02-14,24,0,0,8
2015-02-15,506,1,0,4
2015-02-16,526,3,0,19
2015-02-17,6573,3,2,8
2015-02-18,798,5,1,8
2015-02-19,726,1,4,31
2015-02-20,718,0,6,19
2015-02-21,304,0,0,4
2015-02-22,311,0,0,1
2015-02-23,37,1,15,12
2015-02-24,560,1,18,22
2015-02-25,41,3,9,23
2015-02-26,49,0,4,3
2015-02-27,58,4,9,13
2015-02-28,39,0,0,9
2015-03-01,26,0,1,0
2015-03-02,817,0,8,5
2015-03-03,24429,2,14,7
2015-03-04,709,4,7,5
2015-03-05,1470,1,8,8
2015-03-06,649,2,12,11
2015-03-07,1756,1,0,11
2015-03-08,696,0,0,7
2015-03-09,557,1,7,49
2015-03-10,460,1,13,8
2015-03-11,635,2,4,47
2015-03-12,477,0,11,19
2015-03-13,510,0,7,25
2015-03-14,482,0,0,12
2015-03-15,471,0,0,1
2015-03-16,467,0,6,10
2015-03-17,476,0,13,7
2015-03-18,486,1,9,37
2015-03-19,479,4,9,18
2015-03-20,516,1,6,7
2015-03-21,498,0,1,3
2015-03-22,507,0,0,1
2015-03-23,717,0,0,9
2015-03-24,506,1,6,23
2015-03-25,478,0,7,13
2015-03-26,13350,0,10,24
2015-03-27,2106,0,9,21
2015-03-28,2992,1,1,3
2015-03-29,1161,0,0,12
2015-03-30,1748,2,8,23
2015-03-31,1817,2,9,20
2015-04-01,2054,1,10,40
2015-04-02,2453,0,7,0
2015-04-03,1111,0,8,30
2015-04-04,1595,0,0,2
2015-04-05,1637,0,0,6
2015-04-06,2014,1,6,15
2015-04-07,1899,0,8,2
2015-04-08,1821,0,2,20
2015-04-09,1483,3,0,0
2015-04-10,1475,0,0,99
2015-04-11,1826,0,0,3
2015-04-12,2275,1,0,0
2015-04-13,2160,4,6,19
2015-04-14,1425,2,21,64
2015-04-15,1497,6,6,10
2015-04-16,1950,0,2,92
2015-04-17,1753,1,9,11
2015-04-18,665,1,0,4
2015-04-19,956,0,0,17
2015-04-20,1826,0,2,0
2015-04-21,1739,0,5,63
2015-04-22,964,0,6,5
2015-04-23,1950,0,9,2
2015-04-24,1641,0,2,20
2015-04-25,2487,0,0,0
2015-04-26,1576,0,0,6
2015-04-27,3069,2,14,5
2015-04-28,1748,2,11,5
2015-04-29,2298,1,12,15
2015-04-30,1709,0,4,0
2015-05-01,1702,0,4,18
2015-05-02,1727,1,1,1
2015-05-03,1374,0,0,0
2015-05-04,2560,1,8,0
2015-05-05,2544,0,16,0
2015-05-06,1921,0,12,0
2015-05-07,1909,1,17,6
2015-05-08,1955,0,1,13
2015-05-09,2581,0,0,0
2015-05-10,2001,2,0,0
2015-05-11,1359,0,2,0
2015-05-12,1237,0,3,29
2015-05-13,2715,2,16,95
2015-05-14,1230,1,5,29
2015-05-15,2581,3,11,9
2015-05-16,1062,0,0,7
2015-05-17,1606,1,0,3
2015-05-18,1198,2,8,13
2015-05-19,1409,0,9,11
2015-05-20,1181,0,10,35
2015-05-21,1245,0,4,9
2015-05-22,1396,1,1,4
2015-05-23,1508,1,0,1
2015-05-24,2791,0,0,0
2015-05-25,1879,0,0,43
2015-05-26,1832,1,8,16
2015-05-27,1897,0,4,15
2015-05-28,956,0,6,13
2015-05-29,1704,1,10,23
2015-05-30,1774,0,0,17
2015-05-31,1152,0,0,5
2015-06-01,1837,2,16,25
2015-06-02,1702,0,6,19
2015-06-03,1125,2,10,9
2015-06-04,1114,1,2,7
2015-06-05,714,0,7,7
2015-06-06,736,0,2,0
2015-06-07,1201,0,0,16
2015-06-08,1392,0,2,14
2015-06-09,647,1,16,26
2015-06-10,1394,3,16,69
2015-06-11,1241,0,14,7
2015-06-12,759,0,6,16
2015-06-13,1779,0,0,22
2015-06-14,1077,0,0,0
2015-06-15,1072,2,4,67
2015-06-16,1308,1,6,15
2015-06-17,1238,1,2,19
2015-06-18,1374,1,10,15
2015-06-19,1426,3,8,12
2015-06-20,1150,0,0,5
2015-06-21,1398,0,0,0
2015-06-22,2149,1,14,10
2015-06-23,1135,2,12,16
2015-06-24,1488,3,4,27
2015-06-25,1045,1,3,3
2015-06-26,1175,1,14,12
2015-06-27,1870,0,0,2
2015-06-28,1140,0,0,25
2015-06-29,1260,0,4,3
2015-06-30,1354,0,15,26
2015-07-01,697,0,6,15
2015-07-02,589,1,5,10
2015-07-03,444,0,0,75
2015-07-04,1282,0,0,7
2015-07-05,1453,1,0,5
2015-07-06,2082,0,16,35
2015-07-07,1121,1,18,3
2015-07-08,1296,4,16,20
2015-07-09,800,0,6,36
2015-07-10,1409,1,0,18
2015-07-11,1945,0,0,0
2015-07-12,1820,0,1,0
2015-07-13,2299,2,7,2
2015-07-14,1304,2,11,86
2015-07-15,1030,0,14,48
2015-07-16,1020,1,2,170
2015-07-17,927,0,5,0
2015-07-18,2219,0,0,4
2015-07-19,1813,1,0,2
2015-07-20,751,1,4,22
2015-07-21,623,0,2,11
2015-07-22,638,1,1,6
2015-07-23,863,1,11,23
2015-07-24,840,0,7,4
2015-07-25,609,0,2,1
2015-07-26,551,0,0,10
2015-07-27,589,1,12,1
2015-07-28,757,0,3,0
2015-07-29,882,1,10,10
2015-07-30,832,3,15,3
2015-07-31,635,1,7,0
2015-08-01,1183,0,1,18
2015-08-02,818,0,0,0
2015-08-03,773,0,6,19
2015-08-04,1062,0,7,33
2015-08-05,857,5,15,3
2015-08-06,1038,3,10,1
2015-08-07,766,0,7,1
2015-08-08,561,0,3,10
2015-08-09,873,0,0,0
2015-08-10,1289,4,16,0
2015-08-11,840,0,19,13
2015-08-12,924,2,3,21
2015-08-13,678,0,4,9
2015-08-14,547,1,6,55
2015-08-15,778,0,0,40
2015-08-16,706,0,0,132
2015-08-17,731,0,10,3
2015-08-18,499,2,18,41
2015-08-19,951,2,11,19
2015-08-20,765,3,3,30
2015-08-21,696,0,3,0
2015-08-22,903,0,1,15
2015-08-23,950,0,0,14
2015-08-24,625,1,0,44
2015-08-25,696,0,1,8
2015-08-26,965,1,3,12
2015-08-27,803,3,5,16
2015-08-28,1179,0,14,4
2015-08-29,802,0,0,5
2015-08-30,964,0,0,3
2015-08-31,713,1,14,41
2015-09-01,590,5,10,14
2015-09-02,851,0,5,6
2015-09-03,714,0,8,26
2015-09-04,976,0,8,6
2015-09-05,802,0,0,7
2015-09-06,859,0,0,9
2015-09-07,996,0,0,3
2015-09-08,985,2,5,7
2015-09-09,713,2,16,54
2015-09-10,643,1,7,1
2015-09-11,660,5,14,19
2015-09-12,539,1,0,2
2015-09-13,654,0,0,0
2015-09-14,528,1,8,13
2015-09-15,705,0,8,10
2015-09-16,637,1,12,13
2015-09-17,990,3,0,7
2015-09-18,1192,1,1,110
2015-09-19,352,0,1,0
2015-09-20,544,0,0,27
2015-09-21,1222,0,8,14
2015-09-22,1335,0,0,25
2015-09-23,820,3,0,0
2015-09-24,1039,2,7,30
2015-09-25,838,1,14,17
2015-09-26,697,0,0,0
2015-09-27,581,0,0,0
2015-09-28,1052,3,10,30
2015-09-29,750,2,7,14
2015-09-30,1365,1,12,0
2015-10-01,640,1,14,35
2015-10-02,586,0,6,8
2015-10-03,595,0,6,24
2015-10-04,659,0,1,19
2015-10-05,565,0,6,18
2015-10-06,562,4,8,30
2015-10-07,1179,1,1,0
2015-10-08,661,4,2,4
2015-10-09,752,2,2,47
2015-10-10,1017,0,0,0
2015-10-11,833,0,1,4
2015-10-12,1415,1,2,16
2015-10-13,433,5,0,3
2015-10-14,531,0,8,110
2015-10-15,681,2,4,20
2015-10-16,1354,1,8,20
2015-10-17,749,1,1,0
2015-10-18,616,0,0,23
2015-10-19,1336,1,2,18
2015-10-20,806,0,3,0
2015-10-21,854,0,2,136
2015-10-22,614,1,4,0
2015-10-23,746,0,11,71
2015-10-24,190,0,0,0
2015-10-25,364,0,0,11
2015-10-26,266,3,8,24
2015-10-27,273,0,11,10
2015-10-28,317,1,5,26
2015-10-29,92,0,2,22
2015-10-30,82,0,5,16
2015-10-31,208,0,0,6
2015-11-01,231,0,0,0
2015-11-02,850,3,9,12
2015-11-03,1128,1,0,10
2015-11-04,709,3,10,13
2015-11-05,764,1,8,23
2015-11-06,526,1,4,21
2015-11-07,808,0,3,2
2015-11-08,529,0,0,19
2015-11-09,876,0,0,23
2015-11-10,521,1,0,14
2015-11-11,828,2,0,67
2015-11-12,520,0,2,9
2015-11-13,444,0,6,6
2015-11-14,654,0,0,8
2015-11-15,964,0,0,2
2015-11-16,507,2,4,13
2015-11-17,969,1,8,17
2015-11-18,641,0,14,17
2015-11-19,1020,1,9,15
2015-11-20,601,2,6,3
2015-11-21,796,0,0,9
2015-11-22,600,0,0,3
2015-11-23,835,1,4,3
2015-11-24,585,1,4,18
2015-11-25,604,1,2,24
2015-11-26,838,0,0,5
2015-11-27,587,1,1,2
2015-11-28,709,0,0,0
2015-11-29,523,0,0,0
2015-11-30,650,1,4,0
2015-12-01,508,2,5,2
2015-12-02,1097,1,2,19
2015-12-03,652,1,5,9
2015-12-04,946,2,3,0
2015-12-05,894,0,1,6
2015-12-06,423,0,0,32
2015-12-07,900,5,0,16
2015-12-08,827,3,12,22
2015-12-09,1103,0,8,58
2015-12-10,675,0,3,80
2015-12-11,836,1,0,72
2015-12-12,1056,0,1,5
2015-12-13,478,0,0,11
2015-12-14,756,0,2,12
2015-12-15,762,1,6,22
2015-12-16,592,3,0,38
2015-12-17,792,2,13,13
2015-12-18,789,1,7,5
2015-12-19,564,0,0,3
2015-12-20,609,0,0,0
2015-12-21,624,3,0,16
2015-12-22,434,2,0,1
2015-12-23,860,0,0,13
2015-12-24,736,0,3,10
2015-12-25,450,0,0,0
2015-12-26,605,2,0,2
2015-12-27,784,0,0,11
2015-12-28,881,0,1,30
2015-12-29,646,0,1,9
2015-12-30,810,2,0,16
2015-12-31,446,1,2,33
2016-01-01,596,2,0,12
2016-01-02,515,0,0,27
2016-01-03,492,0,0,16
2016-01-04,576,0,4,33
2016-01-05,604,0,2,10
2016-01-06,745,0,2,13
2016-01-07,795,0,15,0
2016-01-08,882,0,8,37
2016-01-09,930,1,1,16
2016-01-10,1009,1,0,5
2016-01-11,758,0,8,10
2016-01-12,895,2,14,23
2016-01-13,1267,1,9,28
2016-01-14,920,2,4,20
2016-01-15,842,0,3,38
2016-01-16,686,0,1,7
2016-01-17,627,0,0,7
2016-01-18,615,1,2,8
2016-01-19,697,0,3,11
2016-01-20,978,0,8,13
2016-01-21,916,1,15,216
2016-01-22,739,4,4,15
2016-01-23,1205,1,0,2
2016-01-24,644,1,0,0
2016-01-25,779,0,12,11
2016-01-26,864,1,5,12
2016-01-27,1105,1,11,15
2016-01-28,870,4,8,1
2016-01-29,611,2,3,17
2016-01-30,564,0,0,15
2016-01-31,787,0,0,16
2016-02-01,503,1,2,20
2016-02-02,1178,2,5,0
2016-02-03,1049,2,2,12
2016-02-04,722,0,4,2
2016-02-05,744,1,3,5
2016-02-06,919,0,0,6
2016-02-07,707,0,0,20
2016-02-08,541,1,3,27
2016-02-09,1201,3,3,4
2016-02-10,898,0,3,72
2016-02-11,858,0,0,1
2016-02-12,828,3,2,14
2016-02-13,727,0,0,14
2016-02-14,526,1,0,6
2016-02-15,647,0,2,30
2016-02-16,449,2,4,13
2016-02-17,801,2,7,26
2016-02-18,890,1,7,18
2016-02-19,948,1,8,6
2016-02-20,1678,0,0,9
2016-02-21,600,2,1,4
2016-02-22,738,2,5,27
2016-02-23,988,1,12,8
2016-02-24,3673,2,10,3
2016-02-25,971,1,12,8
2016-02-26,884,1,12,2
2016-02-27,1019,0,0,9
2016-02-28,872,0,0,12
2016-02-29,1297,2,4,12
2016-03-01,1301,4,11,6
2016-03-02,837,1,2,4
2016-03-03,974,1,6,19
2016-03-04,719,1,2,14
2016-03-05,652,0,0,0
2016-03-06,643,3,0,16
2016-03-07,573,1,6,0
2016-03-08,636,1,0,0
2016-03-09,644,1,8,53
2016-03-10,620,1,12,1
2016-03-11,842,3,8,0
2016-03-12,617,0,0,49
2016-03-13,535,0,0,47
2016-03-14,538,1,17,5
2016-03-15,869,2,14,2
2016-03-16,833,0,6,5
2016-03-17,801,0,12,4
2016-03-18,631,2,0,11
2016-03-19,415,0,0,4
2016-03-20,665,1,0,0
2016-03-21,732,1,14,1
2016-03-22,877,0,2,4
2016-03-23,573,3,7,1
2016-03-24,612,1,4,62
2016-03-25,643,1,8,1
2016-03-26,819,0,2,7
2016-03-27,403,0,0,0
2016-03-28,930,1,13,4
2016-03-29,1326,3,4,8
2016-03-30,1107,1,6,2
2016-03-31,810,1,7,3
2016-04-01,1250,1,18,7
2016-04-02,810,0,0,0
2016-04-03,801,0,0,0
2016-04-04,678,1,11,6
2016-04-05,1120,0,21,6
2016-04-06,1182,4,7,21
2016-04-07,1007,1,10,36
2016-04-08,580,1,4,25
2016-04-09,446,0,0,23
2016-04-10,689,0,0,0
2016-04-11,628,1,6,40
2016-04-12,960,1,16,76
2016-04-13,702,1,10,55
2016-04-14,669,2,13,21
2016-04-15,995,1,4,19
2016-04-16,1371,1,0,2
2016-04-17,496,0,0,0
2016-04-18,615,0,0,55
2016-04-19,476,2,2,13
2016-04-20,771,0,4,10
2016-04-21,847,2,20,118
2016-04-22,982,3,15,29
2016-04-23,1102,0,0,0
2016-04-24,450,1,0,0
2016-04-25,568,1,12,29
2016-04-26,763,4,8,8
2016-04-27,567,2,15,28
2016-04-28,617,2,6,8
2016-04-29,613,0,1,1
2016-04-30,561,0,2,19
2016-05-01,601,0,0,4
2016-05-02,703,5,4,36
2016-05-03,1778,2,8,4
2016-05-04,2228,1,11,0
2016-05-05,731,1,11,24
2016-05-06,560,1,8,7
2016-05-07,1228,0,7,18
2016-05-08,1164,0,0,0
2016-05-09,887,2,12,43
2016-05-10,684,1,24,5
2016-05-11,2414,1,7,156
2016-05-12,3197,3,2,5
2016-05-13,1170,1,10,25
2016-05-14,1400,0,6,25
2016-05-15,430,1,0,3
2016-05-16,651,1,12,27
2016-05-17,936,6,11,15
2016-05-18,1152,1,9,5
2016-05-19,1153,1,6,1
2016-05-20,846,1,8,84
2016-05-21,706,0,1,2
2016-05-22,1008,3,0,38
2016-05-23,1429,3,2,28
2016-05-24,682,1,8,1
2016-05-25,426,1,14,13
2016-05-26,1060,4,8,14
2016-05-27,1324,0,12,0
2016-05-28,714,0,0,3
2016-05-29,424,1,0,2
2016-05-30,395,0,0,7
2016-05-31,1430,1,11,13
2016-06-01,1215,0,3,18
2016-06-02,687,1,8,0
2016-06-03,644,2,7,8
2016-06-04,0,0,1,10
2016-06-05,0,0,0,36
2016-06-06,0,1,2,2
2016-06-07,530,0,7,21
2016-06-08,709,2,16,40
2016-06-09,637,2,17,13
2016-06-10,223,0,10,22
2016-06-11,0,1,2,0
2016-06-12,406,0,0,0
2016-06-13,644,1,2,74
2016-06-14,631,4,4,6
2016-06-15,637,3,0,0
2016-06-16,630,1,6,94
2016-06-17,639,3,13,6
2016-06-18,410,0,0,3
2016-06-19,431,0,0,37
2016-06-20,502,0,14,7
2016-06-21,801,1,12,0
2016-06-22,579,1,7,0
2016-06-23,448,1,12,9
2016-06-24,708,1,15,6
2016-06-25,637,2,0,14
2016-06-26,518,0,0,11
2016-06-27,893,0,6,14
2016-06-28,733,1,9,4
2016-06-29,609,1,4,18
2016-06-30,457,4,4,42
2016-07-01,679,1,0,5
2016-07-02,1353,0,0,21
2016-07-03,675,1,0,46
2016-07-04,597,0,0,13
2016-07-05,763,1,4,8
2016-07-06,338,2,12,6
2016-07-07,666,2,14,7
2016-07-08,459,3,20,13
2016-07-09,688,0,1,0
2016-07-10,601,0,0,0
2016-07-11,503,1,10,103
2016-07-12,420,2,7,17
2016-07-13,943,1,4,132
2016-07-14,579,2,3,0
2016-07-15,459,0,11,27
2016-07-16,442,0,0,0
2016-07-17,504,0,0,5
2016-07-18,759,1,5,0
2016-07-19,689,0,6,10
2016-07-20,896,1,8,0
2016-07-21,729,2,6,192
2016-07-22,848,1,2,70
2016-07-23,460,0,0,18
2016-07-24,30,0,1,0
2016-07-25,41,2,4,10
2016-07-26,1277,3,2,4
2016-07-27,937,0,4,0
2016-07-28,922,0,5,10
2016-07-29,708,0,4,0
2016-07-30,487,1,2,0
2016-07-31,540,0,0,0
2016-08-01,346,1,5,14
2016-08-02,635,1,9,14
2016-08-03,910,0,9,9
2016-08-04,703,3,8,1
2016-08-05,537,2,4,84
2016-08-06,14830,0,0,73
2016-08-07,1111,1,0,50
2016-08-08,745,7,11,27
2016-08-09,839,0,8,32
2016-08-10,700,2,19,6
2016-08-11,687,1,5,1
2016-08-12,817,0,8,7
2016-08-13,856,1,1,0
2016-08-14,521,0,2,0
2016-08-15,1069,1,6,0
2016-08-16,964,3,1,0
2016-08-17,531,1,2,0
2016-08-18,946,1,0,6
2016-08-19,859,1,11,17
2016-08-20,639,0,0,0
2016-08-21,504,0,0,0
2016-08-22,463,3,8,11
2016-08-23,1402,3,2,5
2016-08-24,1020,0,9,7
2016-08-25,1434,2,14,8
2016-08-26,1295,0,4,19
2016-08-27,705,0,0,0
2016-08-28,527,1,0,0
2016-08-29,480,3,10,2
2016-08-30,1181,2,11,6
2016-08-31,588,0,9,14
2016-09-01,780,1,14,16
2016-09-02,964,1,10,19
2016-09-03,728,0,0,8
2016-09-04,783,1,0,0
2016-09-05,1185,1,0,0
2016-09-06,926,6,7,2
2016-09-07,1251,3,3,37
2016-09-08,1030,2,5,4
2016-09-09,722,2,2,14
2016-09-10,712,0,0,0
2016-09-11,1097,3,0,61
2016-09-12,592,0,10,24
2016-09-13,1109,4,9,0
2016-09-14,1174,2,9,78
2016-09-15,1255,1,12,0
2016-09-16,1726,2,7,15
2016-09-17,1185,1,0,16
2016-09-18,1408,0,0,29
2016-09-19,1571,1,2,9
2016-09-20,1560,3,9,22
2016-09-21,1573,2,12,43
2016-09-22,642,2,12,30
2016-09-23,1464,3,17,1
2016-09-24,2209,0,0,11
2016-09-25,1485,0,0,77
2016-09-26,1858,2,16,58
2016-09-27,1577,2,10,9
2016-09-28,1863,4,12,3
2016-09-29,1508,1,9,6
2016-09-30,1485,1,2,5
2016-10-01,1254,3,1,3
2016-10-02,1121,0,0,0
2016-10-03,2068,4,0,45
2016-10-04,4480,3,3,1
2016-10-05,4383,2,5,52
2016-10-06,3657,1,2,47
2016-10-07,3813,1,7,14
2016-10-08,3106,0,0,0
2016-10-09,3210,1,0,0
2016-10-10,1701,2,0,107
2016-10-11,3619,3,12,2
2016-10-12,2052,1,6,5
2016-10-13,2062,0,13,99
2016-10-14,2158,0,7,38
2016-10-15,913,1,3,0
2016-10-16,1777,1,0,14
2016-10-17,3675,4,4,8
2016-10-18,1271,2,6,2
2016-10-19,1589,0,9,0
2016-10-20,1559,6,6,1
2016-10-21,1621,1,8,10
2016-10-22,2156,0,1,9
2016-10-23,1452,0,0,0
2016-10-24,1683,2,13,0
2016-10-25,1469,3,15,164
2016-10-26,1748,1,10,7
2016-10-27,1628,6,15,25
2016-10-28,1531,1,8,35
2016-10-29,1349,0,7,6
2016-10-30,1541,0,0,6
2016-10-31,1547,1,5,13
2016-11-01,1730,1,3,1
2016-11-02,1705,3,9,1
2016-11-03,1626,0,10,22
2016-11-04,2152,1,6,21
2016-11-05,1553,0,1,0
2016-11-06,1263,0,0,1
2016-11-07,1535,1,14,2
2016-11-08,1385,2,16,39
2016-11-09,1571,4,8,1
2016-11-10,1258,1,0,77
2016-11-11,1465,0,2,10
2016-11-12,1247,0,0,2
2016-11-13,1640,0,0,0
2016-11-14,1817,2,8,8
2016-11-15,2051,3,11,5
2016-11-16,1786,1,8,13
2016-11-17,1453,2,4,5
2016-11-18,1370,0,7,7
2016-11-19,1237,0,0,13
2016-11-20,1154,0,0,0
2016-11-21,1005,2,4,0
2016-11-22,1291,4,6,11
2016-11-23,1334,2,0,7
2016-11-24,1039,0,0,11
2016-11-25,604,0,0,80
2016-11-26,712,0,0,0
2016-11-27,863,0,0,0
2016-11-28,784,3,4,16
2016-11-29,3159,0,4,11
2016-11-30,1409,4,12,40
2016-12-01,741,2,12,11
2016-12-02,2260,0,4,2
2016-12-03,1550,1,0,9
2016-12-04,1384,0,0,0
2016-12-05,625,0,14,7
2016-12-06,626,2,8,7
2016-12-07,2920,3,1,0
2016-12-08,655,1,3,14
2016-12-09,2466,2,0,20
2016-12-10,555,0,0,17
2016-12-11,597,0,0,48
2016-12-12,3094,1,6,35
2016-12-13,2333,1,16,43
2016-12-14,475,3,7,44
2016-12-15,678,2,16,67
2016-12-16,896,1,14,27
2016-12-17,5140,0,0,9
2016-12-18,1968,1,0,13
2016-12-19,1693,2,2,6
2016-12-20,1628,4,5,47
2016-12-21,1846,1,0,4
2016-12-22,1682,0,2,6
2016-12-23,1423,1,4,29
2016-12-24,1420,2,1,4
2016-12-25,1289,0,0,2
2016-12-26,1093,2,1,3
2016-12-27,1183,5,2,2
2016-12-28,1223,1,9,14
2016-12-29,1409,2,6,45
2016-12-30,952,0,0,9
2016-12-31,1487,0,0,8
2017-01-01,1191,1,0,1
2017-01-02,1129,2,0,26
2017-01-03,1198,2,3,34
2017-01-04,1984,3,6,21
2017-01-05,1556,8,7,15
2017-01-06,1354,2,5,59
2017-01-07,1573,0,0,0
2017-01-08,1596,0,0,0
2017-01-09,1302,2,4,5
2017-01-10,1802,3,4,20
2017-01-11,1523,1,3,54
2017-01-12,1401,2,2,160
2017-01-13,1541,1,6,46
2017-01-14,1422,0,0,10
2017-01-15,1584,0,0,10
2017-01-16,1817,0,2,2
2017-01-17,1485,4,10,16
2017-01-18,1642,6,5,61
2017-01-19,1485,1,13,39
2017-01-20,1255,1,9,25
2017-01-21,1628,1,0,1
2017-01-22,808,2,0,0
2017-01-23,1150,2,11,97
2017-01-24,1747,1,7,11
2017-01-25,1332,1,2,10
2017-01-26,1284,6,2,34
2017-01-27,1085,1,6,262
2017-01-28,923,1,2,45
2017-01-29,919,0,1,0
2017-01-30,1046,5,11,60
2017-01-31,1259,2,4,50
2017-02-01,1021,0,11,145
2017-02-02,1062,2,10,18
2017-02-03,2294,1,13,55
2017-02-04,912,1,0,6
2017-02-05,1073,2,0,3
2017-02-06,971,3,1,33
2017-02-07,899,3,5,34
2017-02-08,960,0,4,87
2017-02-09,1030,1,0,54
2017-02-10,1311,5,1,13
2017-02-11,1096,0,0,0
2017-02-12,979,3,0,6
2017-02-13,963,1,10,124
2017-02-14,949,4,2,5
2017-02-15,996,7,12,93
2017-02-16,959,8,4,31
2017-02-17,1019,0,4,60
2017-02-18,1494,2,1,3
2017-02-19,1157,0,0,0
2017-02-20,1289,2,1,155
2017-02-21,1185,3,17,21
2017-02-22,870,3,10,66
2017-02-23,1175,2,8,13
2017-02-24,1226,2,5,34
2017-02-25,922,1,1,0
2017-02-26,965,1,0,1
2017-02-27,1264,10,6,33
2017-02-28,1465,1,5,12
2017-03-01,978,5,7,58
2017-03-02,1337,1,16,48
2017-03-03,1177,0,9,51
2017-03-04,1312,0,6,8
2017-03-05,1029,0,0,17
2017-03-06,1214,1,4,28
2017-03-07,606,5,9,65
2017-03-08,700,1,13,112
2017-03-09,653,1,4,29
2017-03-10,1956,2,4,26
2017-03-11,963,1,0,9
2017-03-12,586,0,0,15
2017-03-13,768,4,10,17
2017-03-14,1202,6,10,65
2017-03-15,1451,6,13,117
2017-03-16,1160,2,2,39
2017-03-17,1769,3,2,181
2017-03-18,1389,0,1,4
2017-03-19,1071,0,0,3
2017-03-20,1607,1,8,69
2017-03-21,2666,3,6,23
2017-03-22,1553,4,8,28
2017-03-23,1995,3,17,106
2017-03-24,1537,1,10,48
2017-03-25,1913,0,2,2
2017-03-26,886,1,0,8
2017-03-27,1528,2,9,62
2017-03-28,2664,5,8,42
2017-03-29,1281,3,4,42
2017-03-30,1265,6,7,44
2017-03-31,1429,1,1,37
2017-04-01,824,0,1,10
2017-04-02,1228,0,0,176
2017-04-03,943,16,0,54
2017-04-04,1546,4,7,27
2017-04-05,1527,5,5,31
2017-04-06,1638,6,5,38
2017-04-07,1361,1,17,87
2017-04-08,1552,0,0,0
2017-04-09,864,0,0,24
2017-04-10,2520,6,8,94
2017-04-11,1125,1,26,38
2017-04-12,1086,1,12,152
2017-04-13,866,4,3,77
2017-04-14,606,0,10,58
2017-04-15,1012,0,0,3
2017-04-16,847,0,0,1
2017-04-17,915,4,4,30
2017-04-18,1110,4,5,14
2017-04-19,1031,2,7,20
2017-04-20,1661,2,9,103
2017-04-21,1081,5,8,45
2017-04-22,911,0,4,1
2017-04-23,920,1,0,17
2017-04-24,926,3,2,272
2017-04-25,1236,4,6,28
2017-04-26,949,4,2,10
2017-04-27,1045,7,14,21
2017-04-28,1429,2,8,77
2017-04-29,1243,0,0,9
2017-04-30,1143,0,0,28
2017-05-01,1127,2,10,44
2017-05-02,1202,6,23,19
2017-05-03,1665,7,16,25
2017-05-04,4547,2,13,18
2017-05-05,1801,4,3,44
2017-05-06,1043,0,0,11
2017-05-07,1089,1,0,8
2017-05-08,983,1,1,26
2017-05-09,553,7,5,41
2017-05-10,912,4,4,30
2017-05-11,1505,2,10,3122
2017-05-12,1096,9,3,176
2017-05-13,962,1,1,0
2017-05-14,1313,2,0,2
2017-05-15,886,2,3,23
2017-05-16,1222,3,19,42
2017-05-17,1841,1,10,21
2017-05-18,1581,1,13,39
2017-05-19,1345,2,11,27
2017-05-20,1146,0,0,0
2017-05-21,591,0,0,22
2017-05-22,1368,1,8,128
2017-05-23,2042,4,7,67
2017-05-24,2011,3,14,16
2017-05-25,1300,4,4,34
2017-05-26,1776,1,8,36
2017-05-27,1253,1,0,1
2017-05-28,1106,0,0,10
2017-05-29,1178,1,2,24
2017-05-30,1302,2,0,16
2017-05-31,1821,3,1,11
2017-06-01,2114,2,11,24
2017-06-02,1675,1,14,29
2017-06-03,1382,0,2,8
2017-06-04,1336,0,0,3
2017-06-05,1319,3,12,41
2017-06-06,1058,2,4,46
2017-06-07,1518,3,2,60
2017-06-08,1887,3,8,65
2017-06-09,1926,5,9,69
2017-06-10,1678,0,0,0
2017-06-11,1137,0,0,3
2017-06-12,808,9,1,25
2017-06-13,1650,4,12,121
2017-06-14,1756,2,18,34
2017-06-15,1226,3,6,109
2017-06-16,1146,1,13,72
2017-06-17,1241,0,0,2
2017-06-18,951,0,0,2
2017-06-19,1117,5,11,52
2017-06-20,1325,2,11,31
2017-06-21,1381,1,0,34
2017-06-22,2092,7,2,26
2017-06-23,704,0,9,12
2017-06-24,286,0,0,6
2017-06-25,281,0,0,10
2017-06-26,1880,2,7,32
2017-06-27,1567,9,7,62
2017-06-28,1222,6,14,29
2017-06-29,1273,5,10,27
2017-06-30,1085,4,10,55
2017-07-01,2303,1,0,81
2017-07-02,1031,1,0,11
2017-07-03,1233,4,7,15
2017-07-04,1110,4,1,36
2017-07-05,924,3,8,204
2017-07-06,676,1,8,22
2017-07-07,977,1,6,67
2017-07-08,1406,1,0,8
2017-07-09,1374,0,0,3
2017-07-10,794,1,3,36
2017-07-11,802,3,4,80
2017-07-12,2435,4,10,48
2017-07-13,940,2,3,102
2017-07-14,1269,1,8,47
2017-07-15,670,1,0,0
2017-07-16,614,0,0,5
2017-07-17,831,4,7,68
2017-07-18,700,5,4,30
2017-07-19,953,2,8,22
2017-07-20,1136,2,8,101
2017-07-21,817,0,2,44
2017-07-22,877,0,1,13
2017-07-23,954,0,0,35
2017-07-24,2104,5,1,49
2017-07-25,1833,6,7,54
2017-07-26,1235,0,7,36
2017-07-27,1683,7,6,51
2017-07-28,1523,0,4,21
2017-07-29,1667,0,0,10
2017-07-30,1439,1,0,11
2017-07-31,1082,3,13,63
2017-08-01,1060,4,6,29
2017-08-02,1496,2,2,67
2017-08-03,1929,2,8,8
2017-08-04,1727,1,6,34
2017-08-05,1373,1,0,23
2017-08-06,1360,0,0,7
2017-08-07,958,3,2,148
2017-08-08,1572,2,8,398
2017-08-09,2116,1,3,43
2017-08-10,1491,2,5,25
2017-08-11,1312,2,2,65
2017-08-12,1280,0,2,0
2017-08-13,1116,1,0,0
2017-08-14,1298,1,11,17
2017-08-15,1385,3,3,8
2017-08-16,1196,3,9,23
2017-08-17,1508,2,12,17
2017-08-18,1963,5,10,64
2017-08-19,1452,0,0,11
2017-08-20,1366,1,0,4
2017-08-21,1275,2,6,12
2017-08-22,1779,2,10,25
2017-08-23,4412,3,6,50
2017-08-24,6315,4,3,30
2017-08-25,1184,4,11,48
2017-08-26,1017,1,0,1
2017-08-27,1260,0,0,7
2017-08-28,524,3,6,104
2017-08-29,487,4,8,69
2017-08-30,1155,2,13,41
2017-08-31,402,4,13,36
2017-09-01,1115,3,7,30
2017-09-02,495,0,0,3
2017-09-03,494,0,0,7
2017-09-04,456,1,2,12
2017-09-05,631,4,8,59
2017-09-06,795,2,7,29
2017-09-07,800,3,5,82
2017-09-08,857,0,3,11
2017-09-09,750,0,2,13
2017-09-10,494,0,0,0
2017-09-11,475,1,3,89
2017-09-12,631,2,12,117
2017-09-13,631,1,9,45
2017-09-14,1195,0,3,117
2017-09-15,606,6,2,30
2017-09-16,813,0,1,0
2017-09-17,546,0,0,18
2017-09-18,604,3,4,60
2017-09-19,1161,5,8,40
2017-09-20,1291,8,6,45
2017-09-21,636,7,8,88
2017-09-22,793,2,6,24
2017-09-23,1195,0,0,11
2017-09-24,1307,0,0,0
2017-09-25,919,3,7,54
2017-09-26,1091,5,0,35
2017-09-27,1503,1,4,52
2017-09-28,1199,2,4,42
2017-09-29,1983,1,7,40
2017-09-30,1143,0,0,1
2017-10-01,976,0,0,8
2017-10-02,1207,1,4,112
2017-10-03,839,2,11,16
2017-10-04,1145,2,5,48
2017-10-05,623,5,5,45
2017-10-06,551,2,5,48
2017-10-07,604,0,1,0
2017-10-08,649,0,0,0
2017-10-09,717,1,8,16
2017-10-10,946,2,9,110
2017-10-11,1077,4,5,62
2017-10-12,1411,4,9,22
2017-10-13,1148,5,9,12
2017-10-14,535,0,1,3
2017-10-15,477,0,0,2
2017-10-16,450,8,4,34
2017-10-17,499,1,8,39
2017-10-18,550,1,6,54
2017-10-19,1102,3,12,223
2017-10-20,1048,7,16,19
2017-10-21,1145,0,3,5
2017-10-22,958,1,0,73
2017-10-23,1079,1,2,116
2017-10-24,658,8,2,28
2017-10-25,833,2,0,6
2017-10-26,1053,5,0,34
2017-10-27,1149,7,5,108
2017-10-28,556,0,0,5
2017-10-29,586,1,0,26
2017-10-30,779,3,2,37
2017-10-31,641,3,3,74
2017-11-01,998,4,8,54
2017-11-02,1880,7,9,22
2017-11-03,1085,1,9,35
2017-11-04,726,1,5,17
2017-11-05,1047,1,0,5
2017-11-06,1480,2,8,67
2017-11-07,1080,4,5,13
2017-11-08,815,5,4,24
2017-11-09,838,2,3,38
2017-11-10,1541,2,2,18
2017-11-11,1915,0,0,1
2017-11-12,1498,2,0,4
2017-11-13,974,3,6,101
2017-11-14,1341,4,0,72
2017-11-15,1047,1,4,192
2017-11-16,1340,2,7,73
2017-11-17,895,0,6,45
2017-11-18,1161,0,0,6
2017-11-19,1160,1,0,3
2017-11-20,1237,4,3,38
2017-11-21,1211,3,4,11
2017-11-22,1100,2,9,17
2017-11-23,1508,1,3,9
2017-11-24,719,1,2,10
2017-11-25,892,1,1,6
2017-11-26,324,0,0,0
2017-11-27,992,1,8,38
2017-11-28,1005,4,16,16
2017-11-29,1399,0,8,21
2017-11-30,1189,0,8,61
2017-12-01,986,1,0,42
2017-12-02,519,1,2,6
2017-12-03,154,2,0,9
2017-12-04,349,4,1,112
2017-12-05,1656,3,3,17
2017-12-06,1256,3,2,31
2017-12-07,1531,3,6,20
2017-12-08,838,3,4,31
2017-12-09,1292,1,1,86
2017-12-10,1152,0,0,5
2017-12-11,1415,7,2,30
2017-12-12,1145,1,9,66
2017-12-13,910,7,4,90
2017-12-14,2676,4,7,31
2017-12-15,1207,3,3,45
2017-12-16,1015,0,1,5
2017-12-17,1594,0,0,2
2017-12-18,770,6,1,42
2017-12-19,778,6,8,18
2017-12-20,955,4,1,127
2017-12-21,755,1,7,28
2017-12-22,651,2,7,19
2017-12-23,735,0,1,16
2017-12-24,1251,2,0,24
2017-12-25,934,0,0,40
2017-12-26,1000,0,2,17
2017-12-27,822,1,4,20
2017-12-28,851,1,4,4
2017-12-29,694,0,2,24
2017-12-30,1458,2,0,23
2017-12-31,1232,0,0,3
2018-01-01,916,2,1,10
2018-01-02,1030,0,3,95
2018-01-03,943,1,1,99
2018-01-04,1142,2,3,34
2018-01-05,1393,0,5,311
2018-01-06,915,1,0,4
2018-01-07,1146,0,4,0
2018-01-08,1198,1,6,56
2018-01-09,821,2,2,65
2018-01-10,350,4,4,48
2018-01-11,1446,3,4,67
2018-01-12,1585,5,3,62
2018-01-13,499,1,0,21
2018-01-14,1086,0,0,21
2018-01-15,1005,3,1,6
2018-01-16,2584,8,4,46
2018-01-17,1271,6,8,9
2018-01-18,1314,2,4,222
2018-01-19,1069,0,2,20
2018-01-20,1056,0,1,1
2018-01-21,1311,1,2,7
2018-01-22,1206,5,4,23
2018-01-23,934,6,9,135
2018-01-24,1720,7,3,48
2018-01-25,1148,3,6,31
2018-01-26,793,3,5,42
2018-01-27,1224,1,0,3
2018-01-28,543,0,0,1
2018-01-29,1149,5,0,36
2018-01-30,1019,1,2,24
2018-01-31,746,2,5,31
2018-02-01,1312,4,5,32
2018-02-02,3049,2,5,55
2018-02-03,1522,1,0,10
2018-02-04,1267,2,0,5
2018-02-05,2073,3,8,70
2018-02-06,1208,1,9,34
2018-02-07,1170,4,13,54
2018-02-08,1073,11,11,79
2018-02-09,958,2,7,68
2018-02-10,1992,0,1,0
2018-02-11,1818,1,0,4
2018-02-12,1810,3,4,34
2018-02-13,1518,4,7,73
2018-02-14,2402,0,6,30
2018-02-15,1637,5,0,108
2018-02-16,1449,1,2,27
2018-02-17,1763,1,0,31
2018-02-18,2058,0,0,9
2018-02-19,831,1,0,38
2018-02-20,885,5,6,27
2018-02-21,1269,9,8,45
2018-02-22,753,1,8,44
2018-02-23,6563,3,6,50
2018-02-24,1089,0,0,11
2018-02-25,1560,0,0,9
2018-02-26,1120,5,4,34
2018-02-27,1288,3,19,86
2018-02-28,1276,5,9,36
2018-03-01,1484,4,8,49
2018-03-02,2987,5,5,27
2018-03-03,1338,0,0,0
2018-03-04,1167,1,0,7
2018-03-05,1156,3,4,87
2018-03-06,1963,3,9,51
2018-03-07,1214,3,1,21
2018-03-08,4191,6,6,58
2018-03-09,7047,8,5,92
2018-03-10,808,1,0,5
2018-03-11,820,0,0,3
2018-03-12,955,3,2,46
2018-03-13,2655,4,2,59
2018-03-14,2036,3,1,132
2018-03-15,2309,0,5,54
2018-03-16,1661,2,8,941
2018-03-17,1929,0,0,3
2018-03-18,1545,0,0,9
2018-03-19,1338,2,8,40
2018-03-20,1386,5,14,57
2018-03-21,1634,4,16,35
2018-03-22,1186,2,6,40
2018-03-23,1241,5,7,20
2018-03-24,1353,0,0,12
2018-03-25,1822,1,2,35
2018-03-26,1523,1,6,58
2018-03-27,1058,2,2,62
2018-03-28,1254,5,1,77
2018-03-29,1741,2,2,42
2018-03-30,1762,6,0,34
2018-03-31,888,1,1,8
2018-04-01,1916,0,0,9
2018-04-02,1309,1,2,358
2018-04-03,1177,2,1,141
2018-04-04,1557,4,4,60
2018-04-05,374,3,5,27
2018-04-06,1229,0,5,20
2018-04-07,789,0,1,10
2018-04-08,871,2,0,5
2018-04-09,2262,0,4,11
2018-04-10,1175,5,19,56
2018-04-11,1432,1,4,39
2018-04-12,1309,2,9,125
2018-04-13,1323,4,1,28
2018-04-14,1069,0,0,8
2018-04-15,1397,1,0,5
2018-04-16,1045,6,4,30
2018-04-17,1382,3,8,22
2018-04-18,5790,5,11,56
2018-04-19,723,1,8,196
2018-04-20,1387,2,6,29
2018-04-21,685,0,2,8
2018-04-22,827,1,0,8
2018-04-23,1291,5,3,22
2018-04-24,1081,4,1,47
2018-04-25,988,0,10,41
2018-04-26,1246,2,2,457
2018-04-27,1121,2,0,21
2018-04-28,831,0,0,2
2018-04-29,743,1,0,16
2018-04-30,857,0,10,30
2018-05-01,823,2,7,35
2018-05-02,797,0,4,49
2018-05-03,806,6,10,15
2018-05-04,1321,1,1,19
2018-05-05,677,0,1,6
2018-05-06,952,0,0,4
2018-05-07,1276,3,2,28
2018-05-08,2664,2,8,22
2018-05-09,1944,4,6,98
2018-05-10,1035,1,14,41
2018-05-11,1837,2,11,46
2018-05-12,646,2,1,5
2018-05-13,1463,0,0,5
2018-05-14,3277,3,15,37
2018-05-15,2419,5,13,34
2018-05-16,1733,0,1,27
2018-05-17,983,3,7,123
2018-05-18,961,3,4,25
2018-05-19,926,2,0,38
2018-05-20,1732,1,0,4
2018-05-21,977,5,5,16
2018-05-22,785,4,2,88
2018-05-23,762,4,10,33
2018-05-24,1479,3,7,68
2018-05-25,759,2,4,28
2018-05-26,673,0,0,16
2018-05-27,1237,0,0,0
2018-05-28,681,1,4,9
2018-05-29,1436,7,11,18
2018-05-30,901,1,13,36
2018-05-31,765,3,4,51
2018-06-01,785,1,12,87
2018-06-02,1375,1,0,4
2018-06-03,1147,0,0,0
2018-06-04,1271,0,8,45
2018-06-05,954,1,13,66
2018-06-06,976,4,6,11
2018-06-07,955,5,12,37
2018-06-08,1014,2,2,84
2018-06-09,1585,0,0,1
2018-06-10,2388,0,0,0
2018-06-11,1249,0,6,345
2018-06-12,1283,3,9,40
2018-06-13,1209,5,1,42
2018-06-14,5028,3,2,79
2018-06-15,1352,5,0,37
2018-06-16,530,0,0,1
2018-06-17,462,1,0,30
2018-06-18,607,4,4,14
2018-06-19,1843,7,4,57
2018-06-20,1406,3,6,38
2018-06-21,946,0,7,36
2018-06-22,1765,1,8,22
2018-06-23,1288,3,0,8
2018-06-24,1138,0,0,4
2018-06-25,719,1,4,30
2018-06-26,1492,6,5,130
2018-06-27,1178,1,6,19
2018-06-28,820,2,10,57
2018-06-29,1692,5,5,33
2018-06-30,1151,0,0,3
2018-07-01,1208,0,2,8
2018-07-02,621,0,8,66
2018-07-03,524,5,2,52
2018-07-04,2380,0,0,9
2018-07-05,1191,3,8,136
2018-07-06,1326,6,11,34
2018-07-07,769,1,0,6
2018-07-08,823,2,0,4
2018-07-09,869,2,19,430
2018-07-10,1679,2,9,68
2018-07-11,1286,4,10,94
2018-07-12,1035,2,4,30
2018-07-13,1120,2,10,64
2018-07-14,969,0,0,0
2018-07-15,836,0,1,9
2018-07-16,654,2,6,56
2018-07-17,973,4,4,43
2018-07-18,1358,5,14,258
2018-07-19,793,5,11,57
2018-07-20,1038,5,14,148
2018-07-21,479,0,0,0
2018-07-22,544,0,0,6
2018-07-23,866,2,12,47
2018-07-24,1001,2,6,43
2018-07-25,938,4,8,14
2018-07-26,1426,7,4,105
2018-07-27,397,2,2,73
2018-07-28,573,1,0,9
2018-07-29,609,2,0,10
2018-07-30,743,2,10,13
2018-07-31,981,8,16,131
2018-08-01,1140,5,3,51
2018-08-02,2448,7,13,36
2018-08-03,1941,3,3,44
2018-08-04,946,0,0,1
2018-08-05,1930,2,0,19
2018-08-06,1663,3,5,73
2018-08-07,1012,2,1,12
2018-08-08,1021,2,4,20
2018-08-09,1409,4,5,21
2018-08-10,1870,0,0,16
2018-08-11,903,0,0,0
2018-08-12,1428,0,2,5
2018-08-13,900,1,7,29
2018-08-14,905,2,28,36
2018-08-15,1494,3,12,116
2018-08-16,608,2,4,25
2018-08-17,864,2,4,29
2018-08-18,1280,1,0,8
2018-08-19,1348,0,0,1
2018-08-20,1443,5,0,32
2018-08-21,1215,4,7,22
2018-08-22,1243,4,17,30
2018-08-23,1431,3,24,10
2018-08-24,1964,3,20,32
2018-08-25,1183,1,0,27
2018-08-26,1189,1,0,8
2018-08-27,1012,2,6,23
2018-08-28,1383,3,7,55
2018-08-29,1828,4,12,54
2018-08-30,1529,10,10,49
2018-08-31,1683,1,5,15
2018-09-01,1159,0,0,19
2018-09-02,700,2,0,28
2018-09-03,1096,2,0,29
2018-09-04,1085,1,7,54
2018-09-05,1059,4,14,84
2018-09-06,1450,3,12,38
2018-09-07,1046,2,10,54
2018-09-08,1437,0,0,6
2018-09-09,646,0,0,7
2018-09-10,929,5,1,44
2018-09-11,1543,4,3,72
2018-09-12,1197,5,4,40
2018-09-13,1232,1,8,79
2018-09-14,1633,4,4,29
2018-09-15,1121,0,0,9
2018-09-16,898,0,0,30
2018-09-17,1548,1,10,29
2018-09-18,1870,4,6,83
2018-09-19,925,3,13,49
2018-09-20,1344,2,9,45
2018-09-21,888,3,8,58
2018-09-22,1336,0,1,4
2018-09-23,784,0,2,15
2018-09-24,826,1,8,32
2018-09-25,1658,0,5,56
2018-09-26,1403,1,7,66
2018-09-27,875,5,9,31
2018-09-28,1370,1,11,52
2018-09-29,998,0,1,2
2018-09-30,1647,0,0,6
2018-10-01,1487,8,5,88
2018-10-02,1176,3,18,60
2018-10-03,1212,4,18,80
2018-10-04,1241,6,3,31
2018-10-05,1528,2,0,7
2018-10-06,973,0,0,2
2018-10-07,1349,0,0,6
2018-10-08,1157,4,3,25
2018-10-09,968,3,10,62
2018-10-10,1357,2,7,94
2018-10-11,906,3,14,14
2018-10-12,1019,0,10,93
2018-10-13,945,0,1,0
2018-10-14,788,1,0,2
2018-10-15,969,2,6,31
2018-10-16,1189,1,12,31
2018-10-17,2899,5,13,259
2018-10-18,1011,2,8,62
2018-10-19,1417,1,2,28
2018-10-20,1254,1,2,2
2018-10-21,1017,0,0,2
2018-10-22,1223,1,2,14
2018-10-23,1591,3,4,65
2018-10-24,1166,1,6,30
2018-10-25,1338,6,7,10
2018-10-26,1624,2,6,26
2018-10-27,1277,0,0,14
2018-10-28,1317,1,0,35
2018-10-29,1060,1,6,54
2018-10-30,903,3,2,48
2018-10-31,1393,2,4,78
2018-11-01,1114,3,4,20
2018-11-02,1119,2,4,22
2018-11-03,752,1,0,3
2018-11-04,903,1,1,5
2018-11-05,1005,5,8,20
2018-11-06,915,2,9,20
2018-11-07,935,2,9,62
2018-11-08,534,6,17,25
2018-11-09,542,2,13,19
2018-11-10,500,0,0,8
2018-11-11,850,0,0,5
2018-11-12,536,3,6,23
2018-11-13,1097,4,10,40
2018-11-14,2650,3,5,151
2018-11-15,2196,3,5,43
2018-11-16,983,4,7,35
2018-11-17,817,2,0,12
2018-11-18,949,1,0,4
2018-11-19,1059,2,10,14
2018-11-20,1004,6,13,44
2018-11-21,1158,2,5,9
2018-11-22,910,1,8,9
2018-11-23,731,1,6,14
2018-11-24,658,0,2,0
2018-11-25,1033,0,0,3
2018-11-26,1340,3,8,46
2018-11-27,1110,4,6,92
2018-11-28,1085,4,5,37
2018-11-29,809,6,6,39
2018-11-30,892,2,5,22
2018-12-01,713,2,0,2
2018-12-02,1116,0,0,2
2018-12-03,785,1,14,62
2018-12-04,743,2,11,82
2018-12-05,838,8,8,26
2018-12-06,873,2,1,76
2018-12-07,774,2,2,51
2018-12-08,791,0,0,8
2018-12-09,794,0,0,3
2018-12-10,714,3,7,41
2018-12-11,625,1,11,65
2018-12-12,1199,7,8,76
2018-12-13,1179,4,10,42
2018-12-14,780,4,10,19
2018-12-15,668,0,1,1
2018-12-16,681,0,0,0
2018-12-17,678,1,6,74
2018-12-18,944,3,10,24
2018-12-19,952,4,7,34
2018-12-20,770,5,6,72
2018-12-21,1177,4,0,28
2018-12-22,805,0,0,14
2018-12-23,672,0,0,9
2018-12-24,1177,2,4,36
2018-12-25,835,1,2,11
2018-12-26,992,0,6,30
2018-12-27,669,0,0,5
2018-12-28,688,1,12,74
2018-12-29,725,1,2,0
2018-12-30,690,1,0,10
2018-12-31,568,1,2,32
2019-01-01,795,0,4,16
2019-01-02,775,1,4,42
2019-01-03,300,3,4,56
2019-01-04,736,3,6,5
2019-01-05,765,2,1,0
2019-01-06,571,1,0,0
2019-01-07,901,3,8,28
2019-01-08,1071,1,8,97
2019-01-09,1127,3,21,241
2019-01-10,953,7,1,36
2019-01-11,872,6,13,58
2019-01-12,1154,0,0,3
2019-01-13,876,0,0,6
2019-01-14,1187,3,14,12
2019-01-15,963,5,6,41
2019-01-16,1130,2,18,191
2019-01-17,1643,8,10,71
2019-01-18,900,4,8,118
2019-01-19,1155,1,0,2
2019-01-20,854,0,0,0
2019-01-21,940,2,2,6
2019-01-22,974,3,11,357
2019-01-23,1164,3,5,45
2019-01-24,1573,5,3,93
2019-01-25,742,2,5,11
2019-01-26,1074,0,0,3
2019-01-27,951,0,0,2
2019-01-28,1245,2,12,18
2019-01-29,1545,4,17,29
2019-01-30,1839,6,5,15
2019-01-31,1574,1,17,22
2019-02-01,1409,3,6,27
2019-02-02,1048,2,0,0
2019-02-03,1120,2,0,2
2019-02-04,1289,2,5,52
2019-02-05,2033,2,13,55
2019-02-06,1119,8,8,45
2019-02-07,1438,4,2,21
2019-02-08,796,1,5,11
2019-02-09,959,0,0,14
2019-02-10,1031,1,0,10
2019-02-11,1646,3,14,57
2019-02-12,1172,3,14,47
2019-02-13,1291,6,18,17
2019-02-14,1600,5,6,6
2019-02-15,916,2,10,28
2019-02-16,1065,2,0,4
2019-02-17,1077,1,0,30
2019-02-18,1430,3,2,21
2019-02-19,1099,5,4,40
2019-02-20,1436,5,8,30
2019-02-21,1635,3,5,21
2019-02-22,1125,3,7,21
2019-02-23,883,1,0,30
2019-02-24,1131,1,0,13
2019-02-25,1363,2,2,51
2019-02-26,1598,6,6,21
2019-02-27,1099,4,13,15
2019-02-28,1256,5,8,39
2019-03-01,849,2,8,33
2019-03-02,959,2,0,4
2019-03-03,785,1,0,1
2019-03-04,2448,4,11,33
2019-03-05,1129,5,6,478
2019-03-06,1041,5,7,130
2019-03-07,1590,2,4,49
2019-03-08,1428,2,4,48
2019-03-09,4210,2,2,4
2019-03-10,1688,1,0,0
2019-03-11,1950,7,6,25
2019-03-12,2127,4,5,75
2019-03-13,2083,10,4,12
2019-03-14,2569,3,12,28
2019-03-15,1690,3,5,34
2019-03-16,2178,0,0,4
2019-03-17,1744,3,1,95
2019-03-18,2005,3,8,25
2019-03-19,2067,3,6,34
2019-03-20,1976,4,7,51
2019-03-21,2300,3,8,54
2019-03-22,2045,3,7,11
2019-03-23,1914,1,0,7
2019-03-24,1867,1,0,26
2019-03-25,2481,5,7,60
2019-03-26,2518,5,8,64
2019-03-27,2186,10,16,86
2019-03-28,2785,9,4,53
2019-03-29,1801,3,6,26
2019-03-30,1471,0,4,17
2019-03-31,1366,0,0,25
2019-04-01,1653,2,14,32
2019-04-02,2242,6,9,36
2019-04-03,2076,3,6,200
2019-04-04,1957,4,5,113
2019-04-05,1873,3,8,23
2019-04-06,1614,1,0,4
2019-04-07,1681,2,0,7
2019-04-08,1673,2,16,73
2019-04-09,2021,8,11,169
2019-04-10,1914,7,4,56
2019-04-11,1826,5,3,34
2019-04-12,1618,3,3,31
2019-04-13,1484,1,2,2
2019-04-14,2995,0,0,1
2019-04-15,1970,6,5,18
2019-04-16,3037,5,3,7
2019-04-17,2660,3,2,126
2019-04-18,1772,2,4,36
2019-04-19,2114,4,4,31
2019-04-20,1978,0,0,20
2019-04-21,1642,0,0,26
2019-04-22,1876,7,14,32
2019-04-23,1685,4,6,189
2019-04-24,1786,5,17,46
2019-04-25,2155,7,7,57
2019-04-26,1983,2,12,56
2019-04-27,1744,1,2,3
2019-04-28,1443,0,0,4
2019-04-29,1651,1,14,31
2019-04-30,2084,7,8,74
2019-05-01,1511,1,12,60
2019-05-02,1653,6,11,28
2019-05-03,2163,3,2,16
2019-05-04,2147,1,0,0
2019-05-05,1564,2,0,2
2019-05-06,1625,0,5,47
2019-05-07,3473,7,2,32
2019-05-08,1528,7,18,49
2019-05-09,1836,13,13,44
2019-05-10,1912,3,9,32
2019-05-11,1443,0,0,1
2019-05-12,1758,1,0,1
2019-05-13,1492,3,6,79
2019-05-14,1783,4,5,51
2019-05-15,2107,2,4,86
2019-05-16,2765,5,4,104
2019-05-17,1992,1,6,93
2019-05-18,1688,1,0,0
2019-05-19,1571,2,0,3
2019-05-20,1688,5,10,26
2019-05-21,1881,0,8,16
2019-05-22,6194,3,3,162
2019-05-23,2080,3,14,114
2019-05-24,2282,3,12,149
2019-05-25,1828,2,0,0
2019-05-26,1627,0,0,0
2019-05-27,2091,0,4,5
2019-05-28,1988,3,11,25
2019-05-29,2615,3,9,43
2019-05-30,2188,2,12,31
2019-05-31,1876,4,4,47
2019-06-01,1884,4,0,1
2019-06-02,1508,1,0,4
2019-06-03,1645,8,14,96
2019-06-04,1646,6,10,33
2019-06-05,2145,4,4,157
2019-06-06,2469,6,4,36
2019-06-07,2471,1,8,73
2019-06-08,2058,2,0,0
2019-06-09,1466,0,0,0
2019-06-10,2727,4,7,24
2019-06-11,1973,2,17,41
2019-06-12,1864,2,7,126
2019-06-13,2257,5,6,44
2019-06-14,2137,2,10,44
2019-06-15,2274,0,0,10
2019-06-16,1681,1,0,1
2019-06-17,2024,1,2,73
2019-06-18,2597,4,5,40
2019-06-19,2513,4,6,114
2019-06-20,2734,3,14,31
2019-06-21,2749,1,19,35
2019-06-22,1985,0,0,1
2019-06-23,1841,0,0,3
2019-06-24,2189,4,0,32
2019-06-25,2236,8,10,30
2019-06-26,2240,2,14,30
2019-06-27,1216,5,6,101
2019-06-28,1431,0,4,41
2019-06-29,1457,0,0,16
2019-06-30,1141,0,0,24
2019-07-01,12309,4,2,49
2019-07-02,1419,2,3,62
2019-07-03,1629,3,4,115
2019-07-04,1718,1,1,44
2019-07-05,1351,0,2,60
2019-07-06,1589,0,0,6
2019-07-07,1128,0,1,4
2019-07-08,1435,7,3,38
2019-07-09,1619,5,14,40
2019-07-10,1327,6,10,103
2019-07-11,1755,5,9,74
2019-07-12,1298,3,2,14
2019-07-13,1079,1,1,1
2019-07-14,1085,0,8,6
2019-07-15,1338,3,10,89
2019-07-16,2116,2,8,42
2019-07-17,1454,2,8,60
2019-07-18,1768,4,12,63
2019-07-19,1542,4,8,51
2019-07-20,1253,0,0,0
2019-07-21,2092,1,0,14
2019-07-22,1740,5,12,37
2019-07-23,1957,2,12,250
2019-07-24,1538,9,4,20
2019-07-25,2564,3,4,64
2019-07-26,1788,2,6,40
2019-07-27,1469,0,0,20
2019-07-28,1327,1,0,20
2019-07-29,2092,2,7,88
2019-07-30,2688,2,15,94
2019-07-31,2358,4,7,62
2019-08-01,1984,6,3,172
2019-08-02,2044,1,4,184
2019-08-03,1687,0,1,3
2019-08-04,1466,0,0,0
2019-08-05,1702,7,10,64
2019-08-06,1776,2,7,71
2019-08-07,1967,3,20,100
2019-08-08,2500,5,16,48
2019-08-09,1990,1,0,49
2019-08-10,1682,2,4,4
2019-08-11,1343,1,0,3
2019-08-12,1480,6,5,49
2019-08-13,1840,3,8,94
2019-08-14,1523,1,11,175
2019-08-15,1629,6,4,59
2019-08-16,1625,1,7,57
2019-08-17,1639,0,0,5
2019-08-18,1412,0,0,17
2019-08-19,1671,3,6,41
2019-08-20,1588,3,11,176
2019-08-21,1707,3,8,112
2019-08-22,2764,6,6,108
2019-08-23,2246,1,4,65
2019-08-24,2015,2,0,0
2019-08-25,1477,1,0,2
2019-08-26,1255,4,5,118
2019-08-27,2112,4,3,65
2019-08-28,1607,5,9,82
2019-08-29,2258,5,11,73
2019-08-30,2860,5,10,72
2019-08-31,1494,0,0,0
2019-09-01,1704,0,0,0
2019-09-02,1889,2,6,1
2019-09-03,2767,3,23,36
2019-09-04,2066,5,14,46
2019-09-05,2032,5,6,49
2019-09-06,1789,3,4,56
2019-09-07,1565,2,0,0
2019-09-08,1305,1,0,22
2019-09-09,1552,3,5,104
2019-09-10,2257,3,7,71
2019-09-11,2115,6,4,128
2019-09-12,2164,4,5,48
2019-09-13,1751,0,12,52
2019-09-14,1819,1,0,11
2019-09-15,1960,0,0,8
2019-09-16,1833,1,7,74
2019-09-17,2116,4,11,67
2019-09-18,1905,4,22,36
2019-09-19,2052,4,7,16
2019-09-20,1632,4,10,76
2019-09-21,1633,0,0,17
2019-09-22,1480,2,0,6
2019-09-23,1735,3,8,41
2019-09-24,1852,9,6,33
2019-09-25,2033,4,0,104
2019-09-26,1824,4,9,65
2019-09-27,2675,0,10,315
2019-09-28,1694,1,0,3
2019-09-29,1768,0,0,1
2019-09-30,1298,3,5,50
2019-10-01,949,5,7,48
2019-10-02,941,8,15,71
2019-10-03,679,6,5,53
2019-10-04,914,2,7,29
2019-10-05,764,0,0,9
2019-10-06,171,1,0,15
2019-10-07,499,2,4,55
2019-10-08,827,1,8,81
2019-10-09,608,2,4,102
2019-10-10,836,11,14,126
2019-10-11,660,5,10,51
2019-10-12,320,1,1,9
2019-10-13,773,0,0,6
2019-10-14,928,3,0,40
2019-10-15,554,3,11,23
2019-10-16,851,5,10,247
2019-10-17,1033,4,4,101
2019-10-18,945,2,2,13
2019-10-19,604,2,0,3
2019-10-20,308,2,0,3
2019-10-21,1097,5,4,37
2019-10-22,321,1,18,31
2019-10-23,242,4,8,106
2019-10-24,225,6,19,39
2019-10-25,737,4,14,55
2019-10-26,80,1,2,0
2019-10-27,373,0,0,0
2019-10-28,144,2,9,151
2019-10-29,263,5,4,59
2019-10-30,346,1,8,80
2019-10-31,365,4,9,74
2019-11-01,273,3,10,32
2019-11-02,249,0,0,10
2019-11-03,145,1,1,0
2019-11-04,158,4,9,135
2019-11-05,180,8,2,117
2019-11-06,309,3,6,131
2019-11-07,245,1,2,64
2019-11-08,636,3,4,29
2019-11-09,393,2,0,18
2019-11-10,440,0,0,0
2019-11-11,387,3,1,14
2019-11-12,504,4,10,142
2019-11-13,599,2,7,110
2019-11-14,315,2,17,263
2019-11-15,365,2,8,40
2019-11-16,491,2,1,3
2019-11-17,427,0,0,4
2019-11-18,511,8,16,79
2019-11-19,205,8,15,38
2019-11-20,861,6,6,51
2019-11-21,813,10,10,110
2019-11-22,391,4,4,55
2019-11-23,734,2,2,1
2019-11-24,861,1,0,0
2019-11-25,290,1,0,154
2019-11-26,3331,2,8,101
2019-11-27,1243,3,4,46
2019-11-28,164,2,1,10
2019-11-29,798,5,0,33
2019-11-30,597,0,0,5
2019-12-01,559,0,0,5
2019-12-02,799,5,11,47
2019-12-03,725,7,26,60
2019-12-04,892,5,11,39
2019-12-05,664,9,15,48
2019-12-06,723,2,6,53
2019-12-07,372,2,0,0
2019-12-08,504,0,0,9
2019-12-09,771,6,2,30
2019-12-10,738,5,9,98
2019-12-11,997,6,4,72
2019-12-12,714,7,2,125
2019-12-13,609,4,5,59
2019-12-14,806,1,0,0
2019-12-15,305,1,0,10
2019-12-16,1349,2,0,48
2019-12-17,387,5,9,79
2019-12-18,1264,6,8,361
2019-12-19,690,7,11,65
2019-12-20,1142,4,21,36
2019-12-21,348,3,0,0
2019-12-22,711,1,0,2
2019-12-23,1328,6,2,90
2019-12-24,374,5,4,21
2019-12-25,622,2,0,3
2019-12-26,530,4,6,72
2019-12-27,301,2,2,66
2019-12-28,351,1,0,1
2019-12-29,140,2,0,12
2019-12-30,139,1,4,317
2019-12-31,665,3,6,43
2020-01-01,258,2,0,5
2020-01-02,132,3,4,166
2020-01-03,235,3,4,52
2020-01-04,302,2,0,4
2020-01-05,256,1,0,15
2020-01-06,629,4,0,66
2020-01-07,307,6,2,34
2020-01-08,660,5,8,127
2020-01-09,442,14,6,97
2020-01-10,1139,8,6,37
2020-01-11,314,1,1,8
2020-01-12,183,1,0,1
2020-01-13,412,4,10,43
2020-01-14,310,11,23,108
2020-01-15,585,8,14,269
2020-01-16,582,9,4,32
2020-01-17,674,9,6,31
2020-01-18,228,1,1,1
2020-01-19,417,3,0,6
2020-01-20,167,4,1,11
2020-01-21,209,5,4,94
2020-01-22,440,3,8,89
2020-01-23,573,10,12,77
2020-01-24,637,3,13,220
2020-01-25,290,5,0,13
2020-01-26,279,3,0,7
2020-01-27,558,6,2,107
2020-01-28,315,4,16,95
2020-01-29,623,5,12,60
2020-01-30,463,10,5,58
2020-01-31,381,6,0,54
2020-02-01,370,1,0,1
2020-02-02,209,6,0,3
2020-02-03,392,5,1,59
2020-02-04,650,6,1,73
2020-02-05,915,4,13,69
2020-02-06,656,6,9,67
2020-02-07,2286,5,14,89
2020-02-08,301,3,0,18
2020-02-09,201,0,0,0
2020-02-10,386,6,9,56
2020-02-11,437,2,13,216
2020-02-12,590,6,5,113
2020-02-13,506,7,0,122
2020-02-14,443,8,4,38
2020-02-15,192,1,0,1
2020-02-16,353,3,0,7
2020-02-17,158,4,2,71
2020-02-18,694,9,2,66
2020-02-19,367,6,9,58
2020-02-20,488,7,10,59
2020-02-21,350,3,10,33
2020-02-22,226,3,0,11
2020-02-23,1292,0,0,6
2020-02-24,457,5,4,48
2020-02-25,854,5,10,44
2020-02-26,873,7,4,45
2020-02-27,1166,3,2,75
2020-02-28,594,4,2,46
2020-02-29,667,2,0,1
2020-03-01,463,2,0,3
2020-03-02,1142,9,8,59
2020-03-03,616,5,8,9
2020-03-04,907,5,4,43
2020-03-05,514,13,2,90
2020-03-06,929,2,5,41
2020-03-07,714,2,0,8
2020-03-08,536,1,0,7
2020-03-09,720,6,0,70
2020-03-10,757,6,8,144
2020-03-11,1156,8,10,44
2020-03-12,996,8,12,296
2020-03-13,895,1,12,75
2020-03-14,599,2,0,12
2020-03-15,435,3,0,26
2020-03-16,889,4,6,87
2020-03-17,556,2,11,33
2020-03-18,14313,7,13,75
2020-03-19,854,10,6,72
2020-03-20,564,5,4,81
2020-03-21,882,2,2,5
2020-03-22,549,2,0,14
2020-03-23,807,9,2,65
2020-03-24,1157,9,15,174
2020-03-25,1090,7,14,108
2020-03-26,7870,12,26,27
2020-03-27,2719,2,4,39
2020-03-28,851,1,0,0
2020-03-29,4198,0,0,0
2020-03-30,5333,8,6,43
2020-03-31,2497,12,6,22
2020-04-01,2737,4,13,105
2020-04-02,1008,6,14,67
2020-04-03,4801,4,8,25
2020-04-04,863,1,2,11
2020-04-05,2322,2,0,2
2020-04-06,4381,3,2,41
2020-04-07,4532,7,0,141
2020-04-08,2148,8,7,131
2020-04-09,3954,4,8,30
2020-04-10,1772,3,10,14
2020-04-11,2447,2,0,0
2020-04-12,1947,1,0,17
2020-04-13,1535,7,4,42
2020-04-14,2398,6,20,98
2020-04-15,1918,8,11,495
2020-04-16,1460,4,4,170
2020-04-17,2284,1,3,70
2020-04-18,1584,2,0,1
2020-04-19,783,3,0,4
2020-04-20,3141,2,6,66
2020-04-21,1777,2,9,83
2020-04-22,2032,4,8,128
2020-04-23,1025,8,4,86
2020-04-24,2420,6,16,68
2020-04-25,1819,0,0,0
2020-04-26,2275,5,0,3
2020-04-27,1501,6,18,88
2020-04-28,2477,7,16,101
2020-04-29,1563,4,6,75
2020-04-30,2105,4,13,56
2020-05-01,1725,4,11,15
2020-05-02,1888,1,0,3
2020-05-03,1075,0,0,1
2020-05-04,920,7,1,43
2020-05-05,1557,11,12,44
2020-05-06,1378,9,10,69
2020-05-07,1485,12,15,80
2020-05-08,2206,2,5,51
2020-05-09,1408,2,0,14
2020-05-10,787,2,0,2
2020-05-11,4241,11,4,46
2020-05-12,1055,11,6,49
2020-05-13,2374,5,1,77
2020-05-14,2126,14,0,55
2020-05-15,689,6,4,31
2020-05-16,640,2,0,5
2020-05-17,719,1,0,9
2020-05-18,787,7,6,46
2020-05-19,1162,6,11,38
2020-05-20,378,8,4,29
2020-05-21,1076,13,11,169
2020-05-22,804,5,4,27
2020-05-23,448,3,0,2
2020-05-24,532,5,0,8
2020-05-25,706,5,0,13
2020-05-26,493,12,3,33
2020-05-27,697,4,5,31
2020-05-28,495,24,4,24
2020-05-29,575,4,4,39
2020-05-30,559,2,1,0
2020-05-31,329,9,0,0
2020-06-01,849,4,5,90
2020-06-02,2263,9,13,55
2020-06-03,1378,11,14,128
2020-06-04,1258,5,11,100
2020-06-05,1018,9,16,23
2020-06-06,534,0,0,5
2020-06-07,684,2,0,8
2020-06-08,1139,16,10,33
2020-06-09,1897,12,7,237
2020-06-10,1087,8,9,68
2020-06-11,737,13,6,125
2020-06-12,474,3,8,36
2020-06-13,424,3,1,0
2020-06-14,132,2,0,3
2020-06-15,517,7,4,85
2020-06-16,457,12,7,52
2020-06-17,615,15,9,89
2020-06-18,709,12,14,59
2020-06-19,1178,11,2,190
2020-06-20,992,1,0,3
2020-06-21,621,5,0,10
2020-06-22,1039,16,3,87
2020-06-23,2096,6,1,23
2020-06-24,1444,16,4,61
2020-06-25,1172,10,10,79
2020-06-26,977,11,14,104
2020-06-27,481,1,0,2
2020-06-28,487,2,0,4
2020-06-29,864,5,7,67
2020-06-30,830,10,13,60
2020-07-01,3002,10,6,64
2020-07-02,1230,3,2,58
2020-07-03,528,1,4,10
2020-07-04,1181,1,0,1
2020-07-05,923,3,0,13
2020-07-06,1832,9,0,34
2020-07-07,518,9,2,71
2020-07-08,787,12,10,37
2020-07-09,856,6,12,50
2020-07-10,947,7,8,46
2020-07-11,1119,3,0,0
2020-07-12,913,1,0,0
2020-07-13,1889,11,10,19
2020-07-14,1294,11,14,197
2020-07-15,556,8,1,320
2020-07-16,831,13,8,26
2020-07-17,951,2,6,57
2020-07-18,1267,1,0,0
2020-07-19,484,0,0,0
2020-07-20,829,9,6,28
2020-07-21,884,5,4,26
2020-07-22,709,13,12,65
2020-07-23,779,5,16,41
2020-07-24,1175,7,11,28
2020-07-25,1110,2,0,5
2020-07-26,1156,1,0,1
2020-07-27,1817,5,4,25
2020-07-28,1206,8,5,93
2020-07-29,821,11,14,56
2020-07-30,996,4,4,58
2020-07-31,1876,6,9,26
2020-08-01,830,0,0,2
2020-08-02,2140,0,0,0
2020-08-03,3316,6,6,28
2020-08-04,436,5,11,27
2020-08-05,407,6,10,42
2020-08-06,1508,6,8,23
2020-08-07,1029,3,7,44
2020-08-08,182,1,0,15
2020-08-09,938,1,0,4
2020-08-10,463,9,5,48
2020-08-11,724,2,6,60
2020-08-12,702,7,0,63
2020-08-13,591,13,4,110
2020-08-14,713,6,10,35
2020-08-15,582,1,0,0
2020-08-16,353,2,0,2
2020-08-17,640,6,11,215
2020-08-18,623,7,12,25
2020-08-19,708,9,2,78
2020-08-20,544,9,18,27
2020-08-21,650,7,10,62
2020-08-22,556,1,1,0
2020-08-23,966,3,0,1
2020-08-24,368,7,4,46
2020-08-25,709,5,8,47
2020-08-26,690,8,7,84
2020-08-27,754,7,7,41
2020-08-28,626,6,5,17
2020-08-29,877,1,0,9
2020-08-30,640,1,0,7
2020-08-31,703,11,12,66
2020-09-01,1519,14,13,107
2020-09-02,547,9,10,50
2020-09-03,1180,8,12,68
2020-09-04,692,5,17,24
2020-09-05,627,0,0,0
2020-09-06,516,1,0,0
2020-09-07,516,4,3,1
2020-09-08,326,9,10,74
2020-09-09,724,1,10,120
2020-09-10,717,9,12,42
2020-09-11,906,4,1,180
2020-09-12,1122,0,0,0
2020-09-13,903,1,0,6
2020-09-14,514,4,12,67
2020-09-15,672,6,10,51
2020-09-16,845,6,15,84
2020-09-17,445,11,19,142
2020-09-18,877,8,3,105
2020-09-19,548,0,0,11
2020-09-20,233,1,0,0
2020-09-21,721,3,2,60
2020-09-22,273,14,7,25
2020-09-23,386,8,6,39
2020-09-24,1656,15,8,113
2020-09-25,1089,13,10,111
2020-09-26,793,3,2,0
2020-09-27,539,0,0,11
2020-09-28,454,4,17,11
2020-09-29,908,12,8,53
2020-09-30,1176,13,8,55
2020-10-01,742,12,20,48
2020-10-02,823,8,17,67
2020-10-03,395,6,0,0
2020-10-04,767,0,0,1
2020-10-05,794,6,11,26
2020-10-06,656,13,4,66
2020-10-07,879,5,4,57
2020-10-08,269,14,20,50
2020-10-09,363,2,16,50
2020-10-10,457,1,0,6
2020-10-11,478,1,0,0
2020-10-12,752,9,2,37
2020-10-13,731,6,28,33
2020-10-14,707,13,0,82
2020-10-15,356,8,0,49
2020-10-16,1313,10,14,166
2020-10-17,725,0,0,1
2020-10-18,598,2,0,1
2020-10-19,769,12,18,103
2020-10-20,627,10,11,52
2020-10-21,629,7,3,233
2020-10-22,786,8,10,105
2020-10-23,583,11,12,28
2020-10-24,571,2,0,0
2020-10-25,621,1,0,1
2020-10-26,561,8,8,26
2020-10-27,826,10,12,174
2020-10-28,1173,18,21,68
2020-10-29,2769,21,21,50
2020-10-30,2014,7,12,30
2020-10-31,728,1,0,15
2020-11-01,594,1,0,8
2020-11-02,569,4,8,45
2020-11-03,875,5,15,70
2020-11-04,883,9,18,69
2020-11-05,849,21,8,260
2020-11-06,1414,15,11,44
2020-11-07,723,1,0,1
2020-11-08,513,0,0,8
2020-11-09,834,10,14,32
2020-11-10,1077,6,4,62
2020-11-11,1275,4,19,136
2020-11-12,1390,21,13,150
2020-11-13,6193,7,12,44
2020-11-14,948,3,4,0
2020-11-15,701,3,0,8
2020-11-16,1033,9,18,68
2020-11-17,1111,12,5,58
2020-11-18,836,14,0,65
2020-11-19,960,13,8,65
2020-11-20,990,9,10,19
2020-11-21,881,3,0,8
2020-11-22,657,4,0,0
2020-11-23,961,8,12,47
2020-11-24,689,4,4,64
2020-11-25,837,4,6,15
2020-11-26,964,8,2,22
2020-11-27,1158,11,9,33
2020-11-28,1020,1,0,9
2020-11-29,669,0,0,9
2020-11-30,671,7,14,44
2020-12-01,722,15,13,32
2020-12-02,303,12,24,41
2020-12-03,1045,13,9,55
2020-12-04,781,10,8,24
2020-12-05,739,1,0,2
2020-12-06,577,0,0,1
2020-12-07,218,12,16,25
2020-12-08,496,12,14,124
2020-12-09,1435,14,9,134
2020-12-10,522,22,28,35
2020-12-11,787,4,17,115
2020-12-12,625,3,0,6
2020-12-13,497,15,0,1
2020-12-14,2323,23,8,100
2020-12-15,867,30,6,159
2020-12-16,783,24,6,42
2020-12-17,908,27,3,67
2020-12-18,1037,19,14,80
2020-12-19,480,7,0,0
2020-12-20,620,6,0,2
2020-12-21,882,18,26,41
2020-12-22,677,14,9,36
2020-12-23,723,12,11,38
2020-12-24,826,5,1,49
2020-12-25,661,2,2,10
2020-12-26,564,5,1,28
2020-12-27,594,1,0,13
2020-12-28,724,5,4,38
2020-12-29,693,5,10,104
2020-12-30,597,3,10,45
2020-12-31,751,5,2,133
2021-01-01,541,1,1,19
2021-01-02,470,3,1,11
2021-01-03,587,2,0,8
2021-01-04,434,15,0,41
2021-01-05,818,11,9,135
2021-01-06,552,15,12,90
2021-01-07,699,10,9,70
2021-01-08,321,8,15,79
2021-01-09,400,3,0,2
2021-01-10,395,1,0,0
2021-01-11,532,12,8,87
2021-01-12,733,12,18,289
2021-01-13,844,12,11,172
2021-01-14,353,10,7,24
2021-01-15,844,9,9,34
2021-01-16,708,4,0,0
2021-01-17,562,2,0,2
2021-01-18,298,15,2,16
2021-01-19,914,13,5,48
2021-01-20,361,7,10,246
2021-01-21,752,8,7,68
2021-01-22,735,7,8,148
2021-01-23,557,4,3,2
2021-01-24,659,6,0,2
2021-01-25,735,10,8,131
2021-01-26,492,23,10,66
2021-01-27,1435,24,6,40
2021-01-28,715,19,17,33
2021-01-29,519,6,9,58
2021-01-30,945,2,0,4
2021-01-31,621,4,0,2
2021-02-01,392,15,9,51
2021-02-02,1385,11,9,60
2021-02-03,2072,18,4,117
2021-02-04,1210,8,8,60
2021-02-05,854,7,6,39
2021-02-06,810,2,0,16
2021-02-07,681,2,0,6
2021-02-08,410,15,12,80
2021-02-09,1378,14,10,186
2021-02-10,551,6,9,115
2021-02-11,864,12,8,47
2021-02-12,820,7,8,46
2021-02-13,618,0,0,2
2021-02-14,468,2,0,4
2021-02-15,730,6,2,60
2021-02-16,541,15,17,46
2021-02-17,933,25,8,120
2021-02-18,740,7,11,29
2021-02-19,777,7,6,43
2021-02-20,706,3,0,1
2021-02-21,638,1,0,5
2021-02-22,772,8,4,67
2021-02-23,1895,10,5,64
2021-02-24,1225,13,13,44
2021-02-25,917,13,14,75
2021-02-26,714,4,12,82
2021-02-27,658,1,0,16
2021-02-28,444,6,0,1
2021-03-01,1265,11,10,98
2021-03-02,505,19,5,42
2021-03-03,742,10,20,55
2021-03-04,1095,14,4,58
2021-03-05,606,14,7,56
2021-03-06,462,6,0,3
2021-03-07,534,4,0,7
2021-03-08,1132,12,4,22
2021-03-09,603,14,23,109
2021-03-10,897,16,15,109
2021-03-11,1051,16,28,118
2021-03-12,824,7,6,28
2021-03-13,1406,3,2,5
2021-03-14,453,1,0,1
2021-03-15,451,11,5,67
2021-03-16,1636,13,1,28
2021-03-17,600,11,2,84
2021-03-18,1425,23,11,99
2021-03-19,800,3,14,44
2021-03-20,730,2,0,6
2021-03-21,703,4,0,6
2021-03-22,605,4,10,51
2021-03-23,650,7,21,81
2021-03-24,820,14,15,91
2021-03-25,782,10,11,59
2021-03-26,554,11,4,72
2021-03-27,653,2,0,2
2021-03-28,800,2,0,0
2021-03-29,542,9,1,60
2021-03-30,905,6,2,69
2021-03-31,660,11,0,61
2021-04-01,865,8,2,69
2021-04-02,929,5,0,177
2021-04-03,566,1,0,1
2021-04-04,527,2,1,0
2021-04-05,505,8,16,64
2021-04-06,990,12,13,93
2021-04-07,608,14,14,83
2021-04-08,534,6,18,45
2021-04-09,1154,9,3,99
2021-04-10,607,1,0,2
2021-04-11,625,1,0,9
2021-04-12,1040,12,5,57
2021-04-13,919,15,7,274
2021-04-14,574,6,5,146
2021-04-15,21000,29,3,50
2021-04-16,633,14,4,14
2021-04-17,612,3,0,0
2021-04-18,451,6,0,9
2021-04-19,602,15,12,39
2021-04-20,699,16,6,27
2021-04-21,684,14,16,40
2021-04-22,483,20,6,251
2021-04-23,463,6,11,36
2021-04-24,377,6,1,7
2021-04-25,460,5,0,6
2021-04-26,839,11,6,67
2021-04-27,599,13,10,45
2021-04-28,1010,14,3,78
2021-04-29,812,16,17,98
2021-04-30,791,7,6,36
2021-05-01,744,3,0,0
2021-05-02,455,5,0,2
2021-05-03,641,8,9,22
2021-05-04,1080,16,12,23
2021-05-05,1037,15,8,123
2021-05-06,745,21,13,62
2021-05-07,915,14,7,107
2021-05-08,522,5,4,0
2021-05-09,509,0,1,0
2021-05-10,789,18,2,57
2021-05-11,242,20,15,176
2021-05-12,1029,15,18,43
2021-05-13,1565,17,23,64
2021-05-14,543,15,14,165
2021-05-15,324,1,0,0
2021-05-16,321,2,0,5
2021-05-17,366,16,10,70
2021-05-18,1000,14,0,49
2021-05-19,568,14,6,51
2021-05-20,933,10,7,62
2021-05-21,1275,6,11,49
2021-05-22,417,1,1,0
2021-05-23,447,1,0,0
2021-05-24,2387,7,4,72
2021-05-25,576,9,13,72
2021-05-26,513,7,12,107
2021-05-27,990,10,9,114
2021-05-28,541,10,8,80
2021-05-29,521,2,0,6
2021-05-30,179,1,0,0
2021-05-31,221,2,2,8
2021-06-01,1300,17,2,82
2021-06-02,1019,18,12,80
2021-06-03,565,12,9,55
2021-06-04,724,14,1,44
2021-06-05,425,2,0,3
2021-06-06,488,1,0,7
2021-06-07,602,10,15,57
2021-06-08,593,13,15,153
2021-06-09,676,7,6,184
2021-06-10,1756,17,15,71
2021-06-11,646,9,10,334
2021-06-12,485,2,0,3
2021-06-13,547,2,0,1
2021-06-14,514,9,14,28
2021-06-15,695,14,11,60
2021-06-16,636,22,9,82
2021-06-17,1790,14,1,38
2021-06-18,539,9,5,41
2021-06-19,450,3,2,1
2021-06-20,690,5,0,1
2021-06-21,598,13,10,100
2021-06-22,1154,16,16,113
2021-06-23,759,9,19,65
2021-06-24,731,12,11,98
2021-06-25,1469,6,9,29
2021-06-26,609,1,0,0
2021-06-27,538,3,0,1
2021-06-28,1266,13,14,51
2021-06-29,1393,14,8,57
2021-06-30,1463,10,10,74
2021-07-01,856,16,8,60
2021-07-02,876,16,14,67
2021-07-03,505,11,0,0
2021-07-04,487,6,0,2
2021-07-05,572,10,6,6
2021-07-06,525,18,14,41
2021-07-07,848,21,28,112
2021-07-08,524,18,14,53
2021-07-09,1112,8,5,81
2021-07-10,443,1,2,0
2021-07-11,528,0,0,0
2021-07-12,622,8,1,89
2021-07-13,1100,11,3,172
2021-07-14,509,19,9,194
2021-07-15,1163,18,17,56
2021-07-16,555,7,27,53
2021-07-17,470,6,1,6
2021-07-18,456,24,0,1
2021-07-19,482,27,15,55
2021-07-20,741,12,14,190
2021-07-21,1099,19,3,101
2021-07-22,1165,17,3,85
2021-07-23,380,2,4,35
2021-07-24,49,3,0,1
2021-07-25,116,4,0,35
2021-07-26,460,8,13,59
2021-07-27,644,22,14,55
2021-07-28,677,14,14,21
2021-07-29,471,11,10,25
2021-07-30,457,8,7,20
2021-07-31,491,3,0,8
2021-08-01,478,3,0,1
2021-08-02,642,6,2,103
2021-08-03,560,12,6,107
2021-08-04,885,24,2,76
2021-08-05,361,19,6,94
2021-08-06,660,10,10,57
2021-08-07,534,0,0,12
2021-08-08,167,1,0,67
2021-08-09,836,9,10,59
2021-08-10,259,10,11,134
2021-08-11,851,10,7,118
2021-08-12,1200,9,14,168
2021-08-13,842,2,13,81
2021-08-14,561,1,0,1
2021-08-15,510,1,0,2
2021-08-16,891,3,9,102
2021-08-17,655,13,18,96
2021-08-18,875,5,15,100
2021-08-19,608,9,8,58
2021-08-20,783,7,4,31
2021-08-21,526,1,0,1
2021-08-22,435,4,0,8
2021-08-23,1092,10,11,89
2021-08-24,726,10,2,338
2021-08-25,824,10,7,75
2021-08-26,1149,9,10,56
2021-08-27,1109,8,20,36
2021-08-28,606,3,3,0
2021-08-29,610,2,0,8
2021-08-30,835,8,6,84
2021-08-31,940,8,7,84
2021-09-01,747,15,9,62
2021-09-02,988,15,27,31
2021-09-03,780,8,7,30
2021-09-04,708,0,0,2
2021-09-05,652,1,0,4
2021-09-06,655,4,2,35
2021-09-07,1416,10,13,128
2021-09-08,1068,15,3,286
2021-09-09,503,14,12,151
2021-09-10,882,10,12,22
2021-09-11,545,0,0,2
2021-09-12,338,1,0,2
2021-09-13,512,10,21,56
2021-09-14,937,13,26,156
2021-09-15,985,8,3,157
2021-09-16,940,12,15,45
2021-09-17,769,8,4,51
2021-09-18,603,2,0,3
2021-09-19,738,3,0,15
2021-09-20,834,11,8,163
2021-09-21,794,15,10,38
2021-09-22,734,11,13,80
2021-09-23,881,14,11,39
2021-09-24,1087,6,12,26
2021-09-25,931,1,3,1
2021-09-26,528,4,0,2
2021-09-27,905,10,6,93
2021-09-28,2367,10,16,45
2021-09-29,3415,17,22,31
2021-09-30,1260,14,9,53
2021-10-01,1272,4,1,62
2021-10-02,742,0,0,2
2021-10-03,863,2,0,0
2021-10-04,1073,9,2,83
2021-10-05,940,9,7,80
2021-10-06,938,6,5,130
2021-10-07,3117,17,11,84
2021-10-08,912,4,2,57
2021-10-09,730,1,0,0
2021-10-10,648,1,0,0
2021-10-11,712,6,0,67
2021-10-12,864,8,5,80
2021-10-13,761,9,11,160
2021-10-14,983,11,5,47
2021-10-15,809,7,6,41
2021-10-16,576,0,0,0
2021-10-17,877,2,0,0
2021-10-18,717,11,20,61
2021-10-19,997,11,22,68
2021-10-20,599,13,11,203
2021-10-21,596,15,1,51
2021-10-22,564,13,3,72
2021-10-23,404,1,0,0
2021-10-24,438,3,0,0
2021-10-25,450,12,9,101
2021-10-26,966,16,24,128
2021-10-27,883,14,26,63
2021-10-28,1158,16,6,105
2021-10-29,1132,6,1,39
2021-10-30,680,1,0,2
2021-10-31,641,2,0,11
2021-11-01,462,8,6,85
2021-11-02,886,13,6,98
2021-11-03,1369,19,3,89
2021-11-04,966,13,12,51
2021-11-05,373,8,10,89
2021-11-06,566,0,0,0
2021-11-07,961,4,0,11
2021-11-08,823,17,15,85
2021-11-09,359,12,7,128
2021-11-10,925,17,8,132
2021-11-11,282,18,16,19
2021-11-12,1090,10,13,81
2021-11-13,788,4,0,12
2021-11-14,671,2,0,17
2021-11-15,926,11,6,45
2021-11-16,880,27,8,26
2021-11-17,1035,19,15,102
2021-11-18,603,24,8,45
2021-11-19,1040,7,2,70
2021-11-20,810,3,0,8
2021-11-21,675,2,0,1
2021-11-22,938,3,2,45
2021-11-23,1590,7,8,195
2021-11-24,1876,6,12,39
2021-11-25,821,2,2,8
2021-11-26,527,1,1,16
2021-11-27,943,1,0,1
2021-11-28,823,0,0,3
2021-11-29,917,8,11,49
2021-11-30,707,8,22,49
2021-12-01,817,10,4,77
2021-12-02,470,12,11,39
2021-12-03,245,9,13,25
2021-12-04,407,2,2,1
2021-12-05,228,0,0,6
2021-12-06,510,10,17,61
2021-12-07,381,12,17,131
2021-12-08,345,6,16,144
2021-12-09,534,5,7,54
2021-12-10,427,6,1,44
2021-12-11,421,3,1,3
2021-12-12,231,3,0,3
2021-12-13,326,6,3,104
2021-12-14,678,11,35,137
2021-12-15,626,4,23,248
2021-12-16,642,14,12,50
2021-12-17,1040,7,9,69
2021-12-18,492,0,3,3
2021-12-19,1550,1,0,5
2021-12-20,581,11,4,496
2021-12-21,1161,6,0,65
2021-12-22,1651,7,5,114
2021-12-23,1577,7,11,91
2021-12-24,1568,0,1,15
2021-12-25,1495,1,0,31
2021-12-26,764,0,0,245
2021-12-27,441,1,15,56
2021-12-28,589,11,10,36
2021-12-29,959,6,14,10
2021-12-30,1114,4,8,54
2021-12-31,962,4,0,39
2022-01-01,1039,1,0,10
2022-01-02,832,5,0,2
2022-01-03,741,3,0,103
2022-01-04,514,4,14,60
2022-01-05,988,8,12,33
2022-01-06,605,7,6,71
2022-01-07,6518,3,6,90
2022-01-08,761,2,0,14
2022-01-09,477,5,0,10
2022-01-10,676,4,6,45
2022-01-11,3438,13,12,192
2022-01-12,735,14,3,98
2022-01-13,1258,8,16,155
2022-01-14,680,7,13,232
2022-01-15,997,6,0,15
2022-01-16,1275,1,1,3
2022-01-17,736,8,1,37
2022-01-18,652,14,17,87
2022-01-19,782,16,4,235
2022-01-20,1762,26,14,74
2022-01-21,720,12,16,70
2022-01-22,574,3,1,3
2022-01-23,528,3,0,4
2022-01-24,603,17,18,82
2022-01-25,799,19,10,97
2022-01-26,755,17,13,57
2022-01-27,4350,22,16,90
2022-01-28,860,7,17,160
2022-01-29,820,0,0,7
2022-01-30,441,3,0,7
2022-01-31,610,12,8,44
2022-02-01,2279,14,11,78
2022-02-02,738,13,16,36
2022-02-03,460,12,7,70
2022-02-04,1621,7,7,197
2022-02-05,571,0,0,6
2022-02-06,554,3,0,11
2022-02-07,406,13,25,47
2022-02-08,1032,21,5,64
2022-02-09,637,14,18,289
2022-02-10,943,6,6,31
2022-02-11,1233,5,5,164
2022-02-12,932,3,0,24
2022-02-13,403,4,0,10
2022-02-14,526,12,6,68
2022-02-15,446,12,3,91
2022-02-16,788,16,12,78
2022-02-17,758,11,8,39
2022-02-18,973,15,9,213
2022-02-19,154,2,1,15
2022-02-20,700,3,0,13
2022-02-21,640,12,1,57
2022-02-22,593,12,5,64
2022-02-23,887,27,9,67
2022-02-24,2051,26,24,96
2022-02-25,1723,24,9,79
2022-02-26,842,10,1,14
2022-02-27,779,2,0,1
2022-02-28,1383,23,5,114
2022-03-01,1148,26,10,50
2022-03-02,1046,16,8,84
2022-03-03,994,19,4,74
2022-03-04,1186,13,6,60
2022-03-05,839,2,3,6
2022-03-06,683,2,0,13
2022-03-07,790,15,4,128
2022-03-08,1439,17,11,92
2022-03-09,1652,15,3,173
2022-03-10,1092,15,11,46
2022-03-11,1119,12,6,86
2022-03-12,833,4,0,10
2022-03-13,680,3,0,8
2022-03-14,1203,10,9,87
2022-03-15,1101,15,7,98
2022-03-16,892,21,3,100
2022-03-17,1029,18,5,53
2022-03-18,1402,7,3,151
2022-03-19,961,3,0,3
2022-03-20,841,0,0,13
2022-03-21,1062,18,8,66
2022-03-22,1322,14,17,39
2022-03-23,1208,23,11,107
2022-03-24,844,35,17,32
2022-03-25,1207,13,6,69
2022-03-26,1183,2,1,13
2022-03-27,745,3,0,9
2022-03-28,1108,20,3,114
2022-03-29,845,15,8,110
2022-03-30,1545,18,15,119
2022-03-31,1330,23,9,66
2022-04-01,2114,14,7,84
2022-04-02,961,4,1,4
2022-04-03,759,2,0,25
2022-04-04,1378,13,1,113
2022-04-05,1801,19,1,122
2022-04-06,1381,16,3,61
2022-04-07,1822,20,3,32
2022-04-08,2006,10,4,53
2022-04-09,1438,2,1,8
2022-04-10,1069,3,0,40
2022-04-11,1303,11,2,182
2022-04-12,1803,22,5,235
2022-04-13,1605,16,0,99
2022-04-14,1324,13,4,64
2022-04-15,1099,6,2,208
2022-04-16,941,1,2,5
2022-04-17,577,2,0,2
2022-04-18,1796,19,6,97
2022-04-19,1467,10,8,137
2022-04-20,1839,8,7,53
2022-04-21,1424,9,2,104
2022-04-22,2900,1,3,44
2022-04-23,774,2,2,1
2022-04-24,963,1,0,3
2022-04-25,1858,12,1,86
2022-04-26,1851,7,4,41
2022-04-27,1462,19,7,79
2022-04-28,1168,12,4,57
2022-04-29,2892,8,4,49
2022-04-30,1227,1,0,8
2022-05-01,874,3,0,26
2022-05-02,1162,9,5,70
2022-05-03,1508,11,3,83
2022-05-04,2389,11,2,133
2022-05-05,1434,12,2,77
2022-05-06,2648,9,1,56
2022-05-07,1514,2,1,4
2022-05-08,422,3,0,6
2022-05-09,1333,6,2,53
2022-05-10,2133,3,1,264
2022-05-11,2280,10,0,96
2022-05-12,1746,25,0,131
2022-05-13,1439,3,4,81
2022-05-14,1105,0,1,2
2022-05-15,866,1,0,7
2022-05-16,2095,14,0,113
2022-05-17,1878,9,1,98
2022-05-18,2210,10,2,85
2022-05-19,1731,17,4,39
2022-05-20,10267,10,1,95
2022-05-21,1006,1,1,8
2022-05-22,865,4,0,1
2022-05-23,1675,5,5,50
2022-05-24,1314,7,3,79
2022-05-25,935,9,9,56
2022-05-26,1807,5,2,158
2022-05-27,732,4,3,49
2022-05-28,599,1,0,0
2022-05-29,625,1,0,9
2022-05-30,801,2,5,27
2022-05-31,997,6,7,117
2022-06-01,964,13,4,105
2022-06-02,1265,15,9,86
2022-06-03,1144,5,11,60
2022-06-04,588,3,1,4
2022-06-05,407,1,0,4
2022-06-06,719,7,2,95
2022-06-07,584,4,0,63
2022-06-08,799,6,2,63
2022-06-09,2076,10,2,82
2022-06-10,891,4,0,33
2022-06-11,452,0,0,8
2022-06-12,465,2,0,11
2022-06-13,1297,10,3,145
2022-06-14,1230,2,2,266
2022-06-15,792,8,2,206
2022-06-16,744,9,1,87
2022-06-17,745,5,1,55
2022-06-18,623,1,2,20
2022-06-19,543,2,0,16
2022-06-20,1120,4,0,57
2022-06-21,1038,8,1,61
2022-06-22,944,1,1,120
2022-06-23,896,9,2,38
2022-06-24,1070,8,0,78
2022-06-25,727,0,0,8
2022-06-26,613,1,0,6
2022-06-27,1312,9,0,136
2022-06-28,697,12,3,74
2022-06-29,1173,8,4,60
2022-06-30,957,12,6,124
2022-07-01,1526,5,2,83
2022-07-02,647,0,0,11
2022-07-03,592,1,0,3
2022-07-04,1013,1,0,40
2022-07-05,677,10,8,30
2022-07-06,862,10,0,99
2022-07-07,1055,12,3,82
2022-07-08,1032,5,4,45
2022-07-09,597,2,1,1
2022-07-10,588,2,0,3
2022-07-11,1654,6,0,301
2022-07-12,603,9,6,236
2022-07-13,1128,12,3,78
2022-07-14,1475,8,4,54
2022-07-15,845,1,2,53
2022-07-16,680,0,0,12
2022-07-17,610,1,0,75
2022-07-18,731,43,6,108
2022-07-19,1335,11,0,141
2022-07-20,757,14,2,102
2022-07-21,744,13,2,29
2022-07-22,1004,5,2,62
2022-07-23,627,1,0,4
2022-07-24,553,2,0,3
2022-07-25,1060,4,0,107
2022-07-26,919,8,2,122
2022-07-27,740,9,0,117
2022-07-28,831,8,2,103
2022-07-29,1107,7,4,63
2022-07-30,588,2,1,1
2022-07-31,387,1,0,1
2022-08-01,1021,5,1,155
2022-08-02,857,7,2,57
2022-08-03,1158,8,2,71
2022-08-04,927,18,1,50
2022-08-05,312,3,2,112
2022-08-06,229,0,1,12
2022-08-07,472,4,0,5
2022-08-08,73,8,1,56
2022-08-09,1070,7,0,243
2022-08-10,774,11,3,32
2022-08-11,527,15,2,192
2022-08-12,1089,6,4,55
2022-08-13,496,2,1,5
2022-08-14,480,0,1,7
2022-08-15,596,11,0,66
2022-08-16,1122,9,2,176
2022-08-17,654,8,0,53
2022-08-18,723,17,2,132
2022-08-19,139,10,1,54
2022-08-20,574,0,1,2
2022-08-21,451,2,0,9
2022-08-22,1126,5,4,92
2022-08-23,911,4,4,85
2022-08-24,708,10,1,70
2022-08-25,413,18,3,247
2022-08-26,225,1,3,65
2022-08-27,139,0,1,9
2022-08-28,506,2,0,37
2022-08-29,244,13,2,101
2022-08-30,1711,7,2,45
2022-08-31,1079,6,1,74
2022-09-01,643,9,4,79
2022-09-02,700,4,0,78
2022-09-03,413,1,1,1
2022-09-04,375,0,0,3
2022-09-05,1079,6,1,40
2022-09-06,1098,15,0,167
2022-09-07,964,8,3,71
2022-09-08,1080,10,0,66
2022-09-09,771,3,1,95
2022-09-10,556,2,0,0
2022-09-11,476,2,0,13
2022-09-12,809,6,3,51
2022-09-13,1045,6,1,253
2022-09-14,792,11,2,57
2022-09-15,876,8,0,94
2022-09-16,724,7,0,202
2022-09-17,537,0,1,7
2022-09-18,140,1,0,7
2022-09-19,132,4,1,107
2022-09-20,686,4,0,95
2022-09-21,719,9,0,91
2022-09-22,971,16,3,77
2022-09-23,1796,5,1,162
2022-09-24,644,1,2,7
2022-09-25,660,3,0,4
2022-09-26,925,7,2,111
2022-09-27,1048,6,3,41
2022-09-28,918,9,0,89
2022-09-29,876,10,1,50
2022-09-30,693,8,3,49
2022-10-01,773,2,2,0
2022-10-02,643,0,0,3
2022-10-03,856,4,0,10158
2022-10-04,766,6,2,10
2022-10-05,843,5,1,2
2022-10-06,775,9,3,60
2022-10-07,620,2,1,109
2022-10-08,646,1,0,4
2022-10-09,563,0,0,5
2022-10-10,790,1,0,41
2022-10-11,835,6,1,286
2022-10-12,801,6,2,93
2022-10-13,570,7,0,69
2022-10-14,1193,2,0,156
2022-10-15,1224,1,1,4
2022-10-16,948,0,0,7
2022-10-17,927,2,1,114
2022-10-18,1246,2,1,127
2022-10-19,893,1,0,137
2022-10-20,1405,3,0,77
2022-10-21,958,2,3,55
2022-10-22,950,1,0,0
2022-10-23,523,1,0,1
2022-10-24,1183,5,1,44
2022-10-25,1132,4,2,89
2022-10-26,877,0,3,49
2022-10-27,747,4,1,55
2022-10-28,170,3,0,79
2022-10-29,652,0,1,10
2022-10-30,468,0,0,8
2022-10-31,864,9,1,83
2022-11-01,858,2,4,214
2022-11-02,156,6,1,68
2022-11-03,827,10,0,116
2022-11-04,545,2,1,39
2022-11-05,993,1,1,2
2022-11-06,631,1,0,6
2022-11-07,661,3,1,65
2022-11-08,1004,4,0,112
2022-11-09,3375,3,3,167
2022-11-10,197,4,3,81
2022-11-11,897,2,0,90
2022-11-12,812,0,0,11
2022-11-13,619,0,0,15
2022-11-14,619,3,0,96
2022-11-15,1081,5,2,110
2022-11-16,1135,5,0,44
2022-11-17,1103,2,2,80
2022-11-18,1558,4,1,66
2022-11-19,929,1,2,5
2022-11-20,554,0,0,8
2022-11-21,644,10,1,84
2022-11-22,1162,3,0,89
2022-11-23,1721,4,0,95
2022-11-24,1484,2,0,21
2022-11-25,3028,4,0,60
2022-11-26,1327,1,0,5
2022-11-27,1020,2,0,8
2022-11-28,1453,3,1,61
2022-11-29,133,4,2,83
2022-11-30,187,9,2,58
2022-12-01,259,5,4,56
2022-12-02,1799,5,3,93
2022-12-03,128,2,1,11
2022-12-04,744,0,0,11
2022-12-05,1032,9,2,106
2022-12-06,1552,7,1,98
2022-12-07,1283,7,0,80
2022-12-08,1115,9,1,100
2022-12-09,841,3,1,36
2022-12-10,1059,0,0,6
2022-12-11,710,0,0,9
2022-12-12,722,6,0,74
2022-12-13,1164,4,2,230
2022-12-14,1076,3,2,89
2022-12-15,2739,6,3,105
2022-12-16,944,5,0,199
2022-12-17,737,1,1,23
2022-12-18,71,6,0,36
2022-12-19,98,4,2,106
2022-12-20,1655,6,0,90
2022-12-21,984,6,2,58
2022-12-22,833,7,2,248
2022-12-23,1233,1,1,76
2022-12-24,626,1,0,14
2022-12-25,604,2,0,45
2022-12-26,593,0,0,88
2022-12-27,1085,3,0,80
2022-12-28,1134,3,0,55
2022-12-29,1092,2,1,29
2022-12-30,1034,3,1,89
2022-12-31,693,1,0,13
2023-01-01,754,1,0,23
2023-01-02,748,0,1,76
2023-01-03,691,3,0,95
2023-01-04,769,6,1,80
2023-01-05,1139,7,2,84
2023-01-06,896,3,1,78
2023-01-07,902,0,0,48
2023-01-08,640,0,0,18
2023-01-09,864,6,0,64
2023-01-10,971,4,1,214
2023-01-11,1070,4,0,143
2023-01-12,845,5,4,103
2023-01-13,1023,4,2,79
2023-01-14,889,0,4,28
2023-01-15,794,0,0,31
2023-01-16,603,4,1,68
2023-01-17,841,3,2,164
2023-01-18,986,4,2,89
2023-01-19,1186,8,2,56
2023-01-20,817,3,2,94
2023-01-21,836,0,0,8
2023-01-22,639,0,0,7
2023-01-23,439,3,0,94
2023-01-24,823,6,3,122
2023-01-25,796,4,3,59
2023-01-26,1316,11,1,172
2023-01-27,1209,5,1,85
2023-01-28,961,0,0,7
2023-01-29,656,2,0,12
2023-01-30,806,2,0,102
2023-01-31,319,2,2,50
2023-02-01,1059,3,3,119
2023-02-02,14113,10,1,53
2023-02-03,1187,9,2,117
2023-02-04,1030,1,1,14
2023-02-05,767,1,0,3
2023-02-06,956,6,2,187
2023-02-07,1012,5,2,82
2023-02-08,2863,7,3,72
2023-02-09,4861,4,1,119
2023-02-10,2848,4,2,74
2023-02-11,5720,1,2,5
2023-02-12,3902,3,0,16
2023-02-13,3503,4,1,119
2023-02-14,4717,8,3,200
2023-02-15,4015,8,0,93
2023-02-16,4412,7,2,171
2023-02-17,4218,3,4,100
2023-02-18,2814,1,0,14
2023-02-19,3789,1,0,9
2023-02-20,3014,4,1,50
2023-02-21,3846,1,2,85
2023-02-22,4283,1,5,61
2023-02-23,4667,7,3,57
2023-02-24,4495,5,0,50
2023-02-25,4734,0,0,18
2023-02-26,4045,1,0,21
2023-02-27,3391,4,2,145
2023-02-28,4430,3,3,113
2023-03-01,3998,4,1,82
2023-03-02,5482,8,1,57
2023-03-03,482,0,1,55
2023-03-04,5609,2,0,8
2023-03-05,5490,0,0,26
2023-03-06,3311,6,0,102
2023-03-07,3747,7,1,169
2023-03-08,5107,4,1,55
2023-03-09,5625,15,3,58
2023-03-10,5227,6,0,69
2023-03-11,2091,1,0,8
2023-03-12,7292,1,0,10
2023-03-13,5553,4,0,82
2023-03-14,855,7,1,161
2023-03-15,8043,6,1,73
2023-03-16,4913,8,3,106
2023-03-17,3731,4,1,57
2023-03-18,6783,1,1,23
2023-03-19,4739,3,0,14
2023-03-20,5722,6,1,61
2023-03-21,6493,4,1,80
2023-03-22,5752,4,0,84
2023-03-23,5329,6,2,142
2023-03-24,6184,4,1,197
2023-03-25,5631,2,2,14
2023-03-26,9333,1,0,15
2023-03-27,5271,5,1,181
2023-03-28,5514,6,0,148
2023-03-29,6977,7,2,232
2023-03-30,6308,19,2,65
2023-03-31,5377,10,1,58
2023-04-01,584,2,2,19
2023-04-02,5842,1,0,11
2023-04-03,4945,6,1,45
2023-04-04,5093,5,1,165
2023-04-05,7085,4,3,139
2023-04-06,5379,4,1,111
2023-04-07,6625,2,0,98
2023-04-08,4905,3,3,20
2023-04-09,3822,2,0,15
