<stix:STIX_Package xmlns:simpleMarking="http://data-marking.mitre.org/extensions/MarkingStructure#Simple-1" xmlns:stixVocabs="http://stix.mitre.org/default_vocabularies-1" xmlns:URIObj="http://cybox.mitre.org/objects#URIObject-2" xmlns:incident="http://stix.mitre.org/Incident-1" xmlns:cyboxCommon="http://cybox.mitre.org/common-2" xmlns:cybox="http://cybox.mitre.org/cybox-2" xmlns:stix="http://stix.mitre.org/stix-1" xmlns:stixCommon="http://stix.mitre.org/common-1" xmlns:marking="http://data-marking.mitre.org/Marking-1" xmlns:indicator="http://stix.mitre.org/Indicator-2" xmlns:alienvault-otx="https://otx.alienvault.com" xmlns:xlink="http://www.w3.org/1999/xlink" xmlns:ds="http://www.w3.org/2000/09/xmldsig#" xmlns:xs="http://www.w3.org/2001/XMLSchema" xmlns:xsi="http://www.w3.org/2001/XMLSchema-instance" xmlns:taxii="http://taxii.mitre.org/messages/taxii_xml_binding-1" xmlns:taxii_11="http://taxii.mitre.org/messages/taxii_xml_binding-1.1" xmlns:tdq="http://taxii.mitre.org/query/taxii_default_query-1" id="alienvault-otx:Package-d12cab2c-673b-4b30-8826-81c348c7c522" version="1.2">
    <stix:STIX_Header>
        <stix:Title>Twitter Feed - PhishStats - 01-12-2022</stix:Title>
        <stix:Package_Intent xsi:type="stixVocabs:PackageIntentVocab-1.0">Indicators</stix:Package_Intent>
        <stix:Short_Description>https://otx.alienvault.com/pulse/6389402c9872fde366d73502</stix:Short_Description>
        <stix:Handling>
            <marking:Marking>
                <marking:Controlled_Structure>//node() | //@*</marking:Controlled_Structure>
                <marking:Marking_Structure xsi:type="simpleMarking:SimpleMarkingStructureType">
                    <simpleMarking:Statement>alienvault-otx-tags: phishing</simpleMarking:Statement>
                </marking:Marking_Structure>
            </marking:Marking>
        </stix:Handling>
        <stix:Information_Source>
            <stixCommon:Description>Alienvault OTX - https://otx.alienvault.com/</stixCommon:Description>
            <stixCommon:Identity>
                <stixCommon:Name>Alienvault OTX</stixCommon:Name>
            </stixCommon:Identity>
            <stixCommon:Time>
                <cyboxCommon:Produced_Time>2023-01-01T00:52:34.528000</cyboxCommon:Produced_Time>
            </stixCommon:Time>
            <stixCommon:References>
                <stixCommon:Reference>https://twitter.com/PhishStats/status/1598116508097544192, https://twitter.com/PhishStats/status/1598156844035342338, https://twitter.com/PhishStats/status/1598202195379363840, https://twitter.com/PhishStats/status/1598250007014039552, https://twitter.com/PhishStats/status/1598298226901368832, https://twitter.com/PhishStats/status/1598338931904450563, https://twitter.com/PhishStats/status/1598388043550957568</stixCommon:Reference>
            </stixCommon:References>
        </stix:Information_Source>
    </stix:STIX_Header>
    <stix:Indicators>
        <stix:Indicator id="alienvault-otx:indicator-5e61b778-056b-9939-6606-64a8a10ec6f2" timestamp="2022-12-02T00:00:45" xsi:type="indicator:IndicatorType">
            <indicator:Title>http://mykitchenchannel.com/ from https://otx.alienvault.com/pulse/6389402c9872fde366d73502</indicator:Title>
            <indicator:Observable id="alienvault-otx:Observable-5e61b778-056b-9939-6606-64a8a10ec6f2">
                <cybox:Title>URL - http://mykitchenchannel.com/</cybox:Title>
                <cybox:Object id="alienvault-otx:URI-68ab4066-c363-4265-91e2-0a9623cb4ef5">
                    <cybox:Properties xsi:type="URIObj:URIObjectType" type="URL">
                        <URIObj:Value>http://mykitchenchannel.com/</URIObj:Value>
                    </cybox:Properties>
                </cybox:Object>
            </indicator:Observable>
        </stix:Indicator>
        <stix:Indicator id="alienvault-otx:indicator-26b589bf-43ab-868a-1988-d7d9e9b5ad6d" timestamp="2022-12-02T00:00:45" xsi:type="indicator:IndicatorType">
            <indicator:Title>http://aibsecure-web.com/ from https://otx.alienvault.com/pulse/6389402c9872fde366d73502</indicator:Title>
            <indicator:Observable id="alienvault-otx:Observable-26b589bf-43ab-868a-1988-d7d9e9b5ad6d">
                <cybox:Title>URL - http://aibsecure-web.com/</cybox:Title>
                <cybox:Object id="alienvault-otx:URI-726fa1c1-3b94-439a-be5e-8d1cae31c4a1">
                    <cybox:Properties xsi:type="URIObj:URIObjectType" type="URL">
                        <URIObj:Value>http://aibsecure-web.com/</URIObj:Value>
                    </cybox:Properties>
                </cybox:Object>
            </indicator:Observable>
        </stix:Indicator>
        <stix:Indicator id="alienvault-otx:indicator-3aece980-85dd-6652-50f8-75a7902b80bb" timestamp="2022-12-02T00:00:45" xsi:type="indicator:IndicatorType">
            <indicator:Title>http://8greatpie.info/ from https://otx.alienvault.com/pulse/6389402c9872fde366d73502</indicator:Title>
            <indicator:Observable id="alienvault-otx:Observable-3aece980-85dd-6652-50f8-75a7902b80bb">
                <cybox:Title>URL - http://8greatpie.info/</cybox:Title>
                <cybox:Object id="alienvault-otx:URI-4fa2cc8a-a7cd-4bcf-ba50-9cb0fc4a02b9">
                    <cybox:Properties xsi:type="URIObj:URIObjectType" type="URL">
                        <URIObj:Value>http://8greatpie.info/</URIObj:Value>
                    </cybox:Properties>
                </cybox:Object>
            </indicator:Observable>
        </stix:Indicator>
        <stix:Indicator id="alienvault-otx:indicator-bda22ae2-4393-79ce-580b-be9351a262a4" timestamp="2022-12-02T00:00:45" xsi:type="indicator:IndicatorType">
            <indicator:Title>http://astrategic-life.com/ from https://otx.alienvault.com/pulse/6389402c9872fde366d73502</indicator:Title>
            <indicator:Observable id="alienvault-otx:Observable-bda22ae2-4393-79ce-580b-be9351a262a4">
                <cybox:Title>URL - http://astrategic-life.com/</cybox:Title>
                <cybox:Object id="alienvault-otx:URI-929691bd-877f-4a08-9462-a0709c325b51">
                    <cybox:Properties xsi:type="URIObj:URIObjectType" type="URL">
                        <URIObj:Value>http://astrategic-life.com/</URIObj:Value>
                    </cybox:Properties>
                </cybox:Object>
            </indicator:Observable>
        </stix:Indicator>
        <stix:Indicator id="alienvault-otx:indicator-d8c00a0f-63b1-b888-4a7e-a56854d94856" timestamp="2022-12-02T00:00:45" xsi:type="indicator:IndicatorType">
            <indicator:Title>http://nimh.gov.vn/ from https://otx.alienvault.com/pulse/6389402c9872fde366d73502</indicator:Title>
            <indicator:Observable id="alienvault-otx:Observable-d8c00a0f-63b1-b888-4a7e-a56854d94856">
                <cybox:Title>URL - http://nimh.gov.vn/</cybox:Title>
                <cybox:Object id="alienvault-otx:URI-c6cd3436-6e4f-4373-b013-1033ea36776e">
                    <cybox:Properties xsi:type="URIObj:URIObjectType" type="URL">
                        <URIObj:Value>http://nimh.gov.vn/</URIObj:Value>
                    </cybox:Properties>
                </cybox:Object>
            </indicator:Observable>
        </stix:Indicator>
        <stix:Indicator id="alienvault-otx:indicator-08cd2813-d1a1-4c47-23c3-80661649771f" timestamp="2022-12-02T00:00:45" xsi:type="indicator:IndicatorType">
            <indicator:Title>http://rahedzrx.wwwaz1-ss106.a2hosted.com/ from https://otx.alienvault.com/pulse/6389402c9872fde366d73502</indicator:Title>
            <indicator:Observable id="alienvault-otx:Observable-08cd2813-d1a1-4c47-23c3-80661649771f">
                <cybox:Title>URL - http://rahedzrx.wwwaz1-ss106.a2hosted.com/</cybox:Title>
                <cybox:Object id="alienvault-otx:URI-b84f3b73-fcaf-469e-baaf-ce36eee8d01e">
                    <cybox:Properties xsi:type="URIObj:URIObjectType" type="URL">
                        <URIObj:Value>http://rahedzrx.wwwaz1-ss106.a2hosted.com/</URIObj:Value>
                    </cybox:Properties>
                </cybox:Object>
            </indicator:Observable>
        </stix:Indicator>
        <stix:Indicator id="alienvault-otx:indicator-d568de53-ef12-2803-cdd4-120403e44d5a" timestamp="2022-12-02T00:00:45" xsi:type="indicator:IndicatorType">
            <indicator:Title>http://onlinequizzes.org/ from https://otx.alienvault.com/pulse/6389402c9872fde366d73502</indicator:Title>
            <indicator:Observable id="alienvault-otx:Observable-d568de53-ef12-2803-cdd4-120403e44d5a">
                <cybox:Title>URL - http://onlinequizzes.org/</cybox:Title>
                <cybox:Object id="alienvault-otx:URI-24d282af-ac23-4e40-a38a-99816ea99191">
                    <cybox:Properties xsi:type="URIObj:URIObjectType" type="URL">
                        <URIObj:Value>http://onlinequizzes.org/</URIObj:Value>
                    </cybox:Properties>
                </cybox:Object>
            </indicator:Observable>
        </stix:Indicator>
    </stix:Indicators>
    <stix:Incidents>
        <stix:Incident id="alienvault-otx:incident-a84a2351-ddb6-42da-b03d-935d5b9f6c8a" timestamp="2023-09-06T05:52:49.067946+00:00" xsi:type="incident:IncidentType"/>
    </stix:Incidents>
</stix:STIX_Package>
    