<stix:STIX_Package xmlns:simpleMarking="http://data-marking.mitre.org/extensions/MarkingStructure#Simple-1" xmlns:FileObj="http://cybox.mitre.org/objects#FileObject-2" xmlns:stixVocabs="http://stix.mitre.org/default_vocabularies-1" xmlns:cyboxVocabs="http://cybox.mitre.org/default_vocabularies-2" xmlns:stixCommon="http://stix.mitre.org/common-1" xmlns:cybox="http://cybox.mitre.org/cybox-2" xmlns:incident="http://stix.mitre.org/Incident-1" xmlns:cyboxCommon="http://cybox.mitre.org/common-2" xmlns:stix="http://stix.mitre.org/stix-1" xmlns:marking="http://data-marking.mitre.org/Marking-1" xmlns:indicator="http://stix.mitre.org/Indicator-2" xmlns:alienvault-otx="https://otx.alienvault.com" xmlns:xlink="http://www.w3.org/1999/xlink" xmlns:ds="http://www.w3.org/2000/09/xmldsig#" xmlns:xs="http://www.w3.org/2001/XMLSchema" xmlns:xsi="http://www.w3.org/2001/XMLSchema-instance" xmlns:taxii="http://taxii.mitre.org/messages/taxii_xml_binding-1" xmlns:taxii_11="http://taxii.mitre.org/messages/taxii_xml_binding-1.1" xmlns:tdq="http://taxii.mitre.org/query/taxii_default_query-1" id="alienvault-otx:Package-1afaf935-4c3f-4e93-9e10-add711cf1455" version="1.2">
    <stix:STIX_Header>
        <stix:Title>Twitter Feed - HeliosCert - 01-12-2022</stix:Title>
        <stix:Package_Intent xsi:type="stixVocabs:PackageIntentVocab-1.0">Indicators</stix:Package_Intent>
        <stix:Short_Description>https://otx.alienvault.com/pulse/6389403ee44d98cb1d625bcf</stix:Short_Description>
        <stix:Handling>
            <marking:Marking>
                <marking:Controlled_Structure>//node() | //@*</marking:Controlled_Structure>
                <marking:Marking_Structure xsi:type="simpleMarking:SimpleMarkingStructureType">
                    <simpleMarking:Statement>alienvault-otx-tags: malware</simpleMarking:Statement>
                </marking:Marking_Structure>
            </marking:Marking>
        </stix:Handling>
        <stix:Information_Source>
            <stixCommon:Description>Alienvault OTX - https://otx.alienvault.com/</stixCommon:Description>
            <stixCommon:Identity>
                <stixCommon:Name>Alienvault OTX</stixCommon:Name>
            </stixCommon:Identity>
            <stixCommon:Time>
                <cyboxCommon:Produced_Time>2023-01-01T00:52:34.528000</cyboxCommon:Produced_Time>
            </stixCommon:Time>
            <stixCommon:References>
                <stixCommon:Reference>https://twitter.com/HeliosCert/status/1598290836856442880, https://twitter.com/HeliosCert/status/1598298376570896385</stixCommon:Reference>
            </stixCommon:References>
        </stix:Information_Source>
    </stix:STIX_Header>
    <stix:Indicators>
        <stix:Indicator id="alienvault-otx:indicator-a2c2fbda-029e-163b-e7dd-532423e78e8f" timestamp="2022-12-02T00:01:03" xsi:type="indicator:IndicatorType">
            <indicator:Title>28f8388256bd70867d02bd38374fac9819d909bb639c8927247e6151dfcfed64 from https://otx.alienvault.com/pulse/6389403ee44d98cb1d625bcf</indicator:Title>
            <indicator:Observable id="alienvault-otx:Observable-a2c2fbda-029e-163b-e7dd-532423e78e8f">
                <cybox:Title>FileHash-SHA256 - 28f8388256bd70867d02bd38374fac9819d909bb639c8927247e6151dfcfed64</cybox:Title>
                <cybox:Object id="alienvault-otx:File-48a82656-cfa6-4a25-9b6e-0dc4bf5e9b1d">
                    <cybox:Properties xsi:type="FileObj:FileObjectType">
                        <FileObj:Hashes>
                            <cyboxCommon:Hash>
                                <cyboxCommon:Type xsi:type="cyboxVocabs:HashNameVocab-1.0">SHA256</cyboxCommon:Type>
                                <cyboxCommon:Simple_Hash_Value>28f8388256bd70867d02bd38374fac9819d909bb639c8927247e6151dfcfed64</cyboxCommon:Simple_Hash_Value>
                            </cyboxCommon:Hash>
                        </FileObj:Hashes>
                    </cybox:Properties>
                </cybox:Object>
            </indicator:Observable>
        </stix:Indicator>
        <stix:Indicator id="alienvault-otx:indicator-d5dcfad9-0b7a-fa0e-28d8-91206b13d8da" timestamp="2022-12-02T00:01:03" xsi:type="indicator:IndicatorType">
            <indicator:Title>d53d9ce0aaaa16b07513bd58bba94418b73c96035b4bb7aea8ddc928fa6381fa from https://otx.alienvault.com/pulse/6389403ee44d98cb1d625bcf</indicator:Title>
            <indicator:Observable id="alienvault-otx:Observable-d5dcfad9-0b7a-fa0e-28d8-91206b13d8da">
                <cybox:Title>FileHash-SHA256 - d53d9ce0aaaa16b07513bd58bba94418b73c96035b4bb7aea8ddc928fa6381fa</cybox:Title>
                <cybox:Object id="alienvault-otx:File-e59477fa-f5e0-43ab-bfff-8e4631e83c62">
                    <cybox:Properties xsi:type="FileObj:FileObjectType">
                        <FileObj:Hashes>
                            <cyboxCommon:Hash>
                                <cyboxCommon:Type xsi:type="cyboxVocabs:HashNameVocab-1.0">SHA256</cyboxCommon:Type>
                                <cyboxCommon:Simple_Hash_Value>d53d9ce0aaaa16b07513bd58bba94418b73c96035b4bb7aea8ddc928fa6381fa</cyboxCommon:Simple_Hash_Value>
                            </cyboxCommon:Hash>
                        </FileObj:Hashes>
                    </cybox:Properties>
                </cybox:Object>
            </indicator:Observable>
        </stix:Indicator>
    </stix:Indicators>
    <stix:Incidents>
        <stix:Incident id="alienvault-otx:incident-185d0913-1942-4b00-bca8-373acf172f42" timestamp="2023-09-06T05:52:49.972364+00:00" xsi:type="incident:IncidentType"/>
    </stix:Incidents>
</stix:STIX_Package>
    