<stix:STIX_Package xmlns:simpleMarking="http://data-marking.mitre.org/extensions/MarkingStructure#Simple-1" xmlns:FileObj="http://cybox.mitre.org/objects#FileObject-2" xmlns:DomainNameObj="http://cybox.mitre.org/objects#DomainNameObject-1" xmlns:stixVocabs="http://stix.mitre.org/default_vocabularies-1" xmlns:cyboxVocabs="http://cybox.mitre.org/default_vocabularies-2" xmlns:stixCommon="http://stix.mitre.org/common-1" xmlns:cybox="http://cybox.mitre.org/cybox-2" xmlns:incident="http://stix.mitre.org/Incident-1" xmlns:cyboxCommon="http://cybox.mitre.org/common-2" xmlns:stix="http://stix.mitre.org/stix-1" xmlns:marking="http://data-marking.mitre.org/Marking-1" xmlns:indicator="http://stix.mitre.org/Indicator-2" xmlns:alienvault-otx="https://otx.alienvault.com" xmlns:xlink="http://www.w3.org/1999/xlink" xmlns:ds="http://www.w3.org/2000/09/xmldsig#" xmlns:xs="http://www.w3.org/2001/XMLSchema" xmlns:xsi="http://www.w3.org/2001/XMLSchema-instance" xmlns:taxii="http://taxii.mitre.org/messages/taxii_xml_binding-1" xmlns:taxii_11="http://taxii.mitre.org/messages/taxii_xml_binding-1.1" xmlns:tdq="http://taxii.mitre.org/query/taxii_default_query-1" id="alienvault-otx:Package-624beab0-d4b8-4e50-8f11-54f038c30cf9" version="1.2">
    <stix:STIX_Header>
        <stix:Title>Fake Security App Found Abuses Japanese Payment System</stix:Title>
        <stix:Package_Intent xsi:type="stixVocabs:PackageIntentVocab-1.0">Indicators</stix:Package_Intent>
        <stix:Short_Description>https://otx.alienvault.com/pulse/63894044116c830781e7a0b2</stix:Short_Description>
        <stix:Handling>
            <marking:Marking>
                <marking:Controlled_Structure>//node() | //@*</marking:Controlled_Structure>
                <marking:Marking_Structure xsi:type="simpleMarking:SimpleMarkingStructureType">
                    <simpleMarking:Statement>alienvault-otx-tags: OSINT, Mobile Security, Android, T1421, T1422, T1604</simpleMarking:Statement>
                </marking:Marking_Structure>
            </marking:Marking>
        </stix:Handling>
        <stix:Information_Source>
            <stixCommon:Description>Alienvault OTX - https://otx.alienvault.com/</stixCommon:Description>
            <stixCommon:Identity>
                <stixCommon:Name>Alienvault OTX</stixCommon:Name>
            </stixCommon:Identity>
            <stixCommon:Time>
                <cyboxCommon:Produced_Time>2023-01-01T00:52:34.528000</cyboxCommon:Produced_Time>
            </stixCommon:Time>
            <stixCommon:References>
                <stixCommon:Reference>https://community.riskiq.com/article/e6da0679</stixCommon:Reference>
            </stixCommon:References>
        </stix:Information_Source>
    </stix:STIX_Header>
    <stix:Indicators>
        <stix:Indicator id="alienvault-otx:indicator-179d1069-1f2a-0aa8-36c2-39636ea3c8cf" timestamp="2022-12-02T00:01:09" xsi:type="indicator:IndicatorType">
            <indicator:Title>ruboq.com from https://otx.alienvault.com/pulse/63894044116c830781e7a0b2</indicator:Title>
            <indicator:Observable id="alienvault-otx:Observable-179d1069-1f2a-0aa8-36c2-39636ea3c8cf">
                <cybox:Title>domain - ruboq.com</cybox:Title>
                <cybox:Object id="alienvault-otx:DomainName-321c4bd2-f8e5-476c-8a1f-7404d6e09231">
                    <cybox:Properties xsi:type="DomainNameObj:DomainNameObjectType" type="FQDN">
                        <DomainNameObj:Value>ruboq.com</DomainNameObj:Value>
                    </cybox:Properties>
                </cybox:Object>
            </indicator:Observable>
        </stix:Indicator>
        <stix:Indicator id="alienvault-otx:indicator-65838e24-eca3-b167-b605-706e1c7925e1" timestamp="2022-12-02T00:01:09" xsi:type="indicator:IndicatorType">
            <indicator:Title>2ec2fb9e20b99f60a30aaa630b393d8277949c34043ebe994dd0ffc7176904a4 from https://otx.alienvault.com/pulse/63894044116c830781e7a0b2</indicator:Title>
            <indicator:Observable id="alienvault-otx:Observable-65838e24-eca3-b167-b605-706e1c7925e1">
                <cybox:Title>FileHash-SHA256 - 2ec2fb9e20b99f60a30aaa630b393d8277949c34043ebe994dd0ffc7176904a4</cybox:Title>
                <cybox:Object id="alienvault-otx:File-94bbdb50-1afa-44dc-a7bb-9c7cbfdfda8e">
                    <cybox:Properties xsi:type="FileObj:FileObjectType">
                        <FileObj:Hashes>
                            <cyboxCommon:Hash>
                                <cyboxCommon:Type xsi:type="cyboxVocabs:HashNameVocab-1.0">SHA256</cyboxCommon:Type>
                                <cyboxCommon:Simple_Hash_Value>2ec2fb9e20b99f60a30aaa630b393d8277949c34043ebe994dd0ffc7176904a4</cyboxCommon:Simple_Hash_Value>
                            </cyboxCommon:Hash>
                        </FileObj:Hashes>
                    </cybox:Properties>
                </cybox:Object>
            </indicator:Observable>
        </stix:Indicator>
        <stix:Indicator id="alienvault-otx:indicator-8b0b87cf-9ceb-4322-b8b1-2c86cca3831f" timestamp="2022-12-02T00:01:09" xsi:type="indicator:IndicatorType">
            <indicator:Title>3971309ce4a3cfb3cdbf8abde19d46586f6e4d5fc9f54c562428b0e0428325ad from https://otx.alienvault.com/pulse/63894044116c830781e7a0b2</indicator:Title>
            <indicator:Observable id="alienvault-otx:Observable-8b0b87cf-9ceb-4322-b8b1-2c86cca3831f">
                <cybox:Title>FileHash-SHA256 - 3971309ce4a3cfb3cdbf8abde19d46586f6e4d5fc9f54c562428b0e0428325ad</cybox:Title>
                <cybox:Object id="alienvault-otx:File-7656b97a-5633-4639-b504-af738b9a9fb8">
                    <cybox:Properties xsi:type="FileObj:FileObjectType">
                        <FileObj:Hashes>
                            <cyboxCommon:Hash>
                                <cyboxCommon:Type xsi:type="cyboxVocabs:HashNameVocab-1.0">SHA256</cyboxCommon:Type>
                                <cyboxCommon:Simple_Hash_Value>3971309ce4a3cfb3cdbf8abde19d46586f6e4d5fc9f54c562428b0e0428325ad</cyboxCommon:Simple_Hash_Value>
                            </cyboxCommon:Hash>
                        </FileObj:Hashes>
                    </cybox:Properties>
                </cybox:Object>
            </indicator:Observable>
        </stix:Indicator>
        <stix:Indicator id="alienvault-otx:indicator-30cd6068-546f-8b47-4d9c-2e976a20737c" timestamp="2022-12-02T00:01:09" xsi:type="indicator:IndicatorType">
            <indicator:Title>5d29dd12faaafd40300752c584ee3c072d6fc9a7a98a357a145701aaa85950dd from https://otx.alienvault.com/pulse/63894044116c830781e7a0b2</indicator:Title>
            <indicator:Observable id="alienvault-otx:Observable-30cd6068-546f-8b47-4d9c-2e976a20737c">
                <cybox:Title>FileHash-SHA256 - 5d29dd12faaafd40300752c584ee3c072d6fc9a7a98a357a145701aaa85950dd</cybox:Title>
                <cybox:Object id="alienvault-otx:File-fc5078c8-1ceb-46f8-a7e0-e687aa415241">
                    <cybox:Properties xsi:type="FileObj:FileObjectType">
                        <FileObj:Hashes>
                            <cyboxCommon:Hash>
                                <cyboxCommon:Type xsi:type="cyboxVocabs:HashNameVocab-1.0">SHA256</cyboxCommon:Type>
                                <cyboxCommon:Simple_Hash_Value>5d29dd12faaafd40300752c584ee3c072d6fc9a7a98a357a145701aaa85950dd</cyboxCommon:Simple_Hash_Value>
                            </cyboxCommon:Hash>
                        </FileObj:Hashes>
                    </cybox:Properties>
                </cybox:Object>
            </indicator:Observable>
        </stix:Indicator>
        <stix:Indicator id="alienvault-otx:indicator-3d246054-005c-2af4-5b02-01d123e44c10" timestamp="2022-12-02T00:01:09" xsi:type="indicator:IndicatorType">
            <indicator:Title>af0d2e5e2994a3edd87f6d0b9b9a85fb1c41d33edfd552fcc64b43c713cdd956 from https://otx.alienvault.com/pulse/63894044116c830781e7a0b2</indicator:Title>
            <indicator:Observable id="alienvault-otx:Observable-3d246054-005c-2af4-5b02-01d123e44c10">
                <cybox:Title>FileHash-SHA256 - af0d2e5e2994a3edd87f6d0b9b9a85fb1c41d33edfd552fcc64b43c713cdd956</cybox:Title>
                <cybox:Object id="alienvault-otx:File-5fd2450b-5248-4c29-b2e7-64bea59e7054">
                    <cybox:Properties xsi:type="FileObj:FileObjectType">
                        <FileObj:Hashes>
                            <cyboxCommon:Hash>
                                <cyboxCommon:Type xsi:type="cyboxVocabs:HashNameVocab-1.0">SHA256</cyboxCommon:Type>
                                <cyboxCommon:Simple_Hash_Value>af0d2e5e2994a3edd87f6d0b9b9a85fb1c41d33edfd552fcc64b43c713cdd956</cyboxCommon:Simple_Hash_Value>
                            </cyboxCommon:Hash>
                        </FileObj:Hashes>
                    </cybox:Properties>
                </cybox:Object>
            </indicator:Observable>
        </stix:Indicator>
        <stix:Indicator id="alienvault-otx:indicator-fcc6ed03-0312-11f2-c1fe-8fb8881644e4" timestamp="2022-12-02T00:01:09" xsi:type="indicator:IndicatorType">
            <indicator:Title>e133be729128ed6764471ee7d7c36f2ccb70edf789286cc3a834e689432fc9b0 from https://otx.alienvault.com/pulse/63894044116c830781e7a0b2</indicator:Title>
            <indicator:Observable id="alienvault-otx:Observable-fcc6ed03-0312-11f2-c1fe-8fb8881644e4">
                <cybox:Title>FileHash-SHA256 - e133be729128ed6764471ee7d7c36f2ccb70edf789286cc3a834e689432fc9b0</cybox:Title>
                <cybox:Object id="alienvault-otx:File-e4c67af6-16f6-4d01-bc74-66bf08715b2d">
                    <cybox:Properties xsi:type="FileObj:FileObjectType">
                        <FileObj:Hashes>
                            <cyboxCommon:Hash>
                                <cyboxCommon:Type xsi:type="cyboxVocabs:HashNameVocab-1.0">SHA256</cyboxCommon:Type>
                                <cyboxCommon:Simple_Hash_Value>e133be729128ed6764471ee7d7c36f2ccb70edf789286cc3a834e689432fc9b0</cyboxCommon:Simple_Hash_Value>
                            </cyboxCommon:Hash>
                        </FileObj:Hashes>
                    </cybox:Properties>
                </cybox:Object>
            </indicator:Observable>
        </stix:Indicator>
        <stix:Indicator id="alienvault-otx:indicator-756c17c0-8b45-a41c-153c-b937783d8c54" timestamp="2022-12-02T00:01:09" xsi:type="indicator:IndicatorType">
            <indicator:Title>e7948392903e4c8762771f12e2d6693bf3e2e091a0fc88e91b177a58614fef02 from https://otx.alienvault.com/pulse/63894044116c830781e7a0b2</indicator:Title>
            <indicator:Observable id="alienvault-otx:Observable-756c17c0-8b45-a41c-153c-b937783d8c54">
                <cybox:Title>FileHash-SHA256 - e7948392903e4c8762771f12e2d6693bf3e2e091a0fc88e91b177a58614fef02</cybox:Title>
                <cybox:Object id="alienvault-otx:File-fa3fdcdc-d74d-4b91-a61a-d2a9c0b5b10f">
                    <cybox:Properties xsi:type="FileObj:FileObjectType">
                        <FileObj:Hashes>
                            <cyboxCommon:Hash>
                                <cyboxCommon:Type xsi:type="cyboxVocabs:HashNameVocab-1.0">SHA256</cyboxCommon:Type>
                                <cyboxCommon:Simple_Hash_Value>e7948392903e4c8762771f12e2d6693bf3e2e091a0fc88e91b177a58614fef02</cyboxCommon:Simple_Hash_Value>
                            </cyboxCommon:Hash>
                        </FileObj:Hashes>
                    </cybox:Properties>
                </cybox:Object>
            </indicator:Observable>
        </stix:Indicator>
    </stix:Indicators>
    <stix:Incidents>
        <stix:Incident id="alienvault-otx:incident-db5f64ac-1acf-462e-9970-919fc515428e" timestamp="2023-09-06T05:52:49.991978+00:00" xsi:type="incident:IncidentType"/>
    </stix:Incidents>
</stix:STIX_Package>
    