<stix:STIX_Package xmlns:stixVocabs="http://stix.mitre.org/default_vocabularies-1" xmlns:DomainNameObj="http://cybox.mitre.org/objects#DomainNameObject-1" xmlns:simpleMarking="http://data-marking.mitre.org/extensions/MarkingStructure#Simple-1" xmlns:indicator="http://stix.mitre.org/Indicator-2" xmlns:stix="http://stix.mitre.org/stix-1" xmlns:cybox="http://cybox.mitre.org/cybox-2" xmlns:stixCommon="http://stix.mitre.org/common-1" xmlns:incident="http://stix.mitre.org/Incident-1" xmlns:marking="http://data-marking.mitre.org/Marking-1" xmlns:cyboxCommon="http://cybox.mitre.org/common-2" xmlns:alienvault-otx="https://otx.alienvault.com" xmlns:xlink="http://www.w3.org/1999/xlink" xmlns:ds="http://www.w3.org/2000/09/xmldsig#" xmlns:xs="http://www.w3.org/2001/XMLSchema" xmlns:xsi="http://www.w3.org/2001/XMLSchema-instance" xmlns:taxii="http://taxii.mitre.org/messages/taxii_xml_binding-1" xmlns:taxii_11="http://taxii.mitre.org/messages/taxii_xml_binding-1.1" xmlns:tdq="http://taxii.mitre.org/query/taxii_default_query-1" id="alienvault-otx:Package-98954381-73e6-458f-8c31-97d8d76e8048" version="1.2">
    <stix:STIX_Header>
        <stix:Title>Twitter Feed - dnstwist - 31-12-2022</stix:Title>
        <stix:Package_Intent xsi:type="stixVocabs:PackageIntentVocab-1.0">Indicators</stix:Package_Intent>
        <stix:Short_Description>https://otx.alienvault.com/pulse/63b0cd259d4d9619908e45cd</stix:Short_Description>
        <stix:Handling>
            <marking:Marking>
                <marking:Controlled_Structure>//node() | //@*</marking:Controlled_Structure>
                <marking:Marking_Structure xsi:type="simpleMarking:SimpleMarkingStructureType">
                    <simpleMarking:Statement>alienvault-otx-tags: phishing</simpleMarking:Statement>
                </marking:Marking_Structure>
            </marking:Marking>
        </stix:Handling>
        <stix:Information_Source>
            <stixCommon:Description>Alienvault OTX - https://otx.alienvault.com/</stixCommon:Description>
            <stixCommon:Identity>
                <stixCommon:Name>Alienvault OTX</stixCommon:Name>
            </stixCommon:Identity>
            <stixCommon:Time>
                <cyboxCommon:Produced_Time>2023-01-01T00:00:37.867000</cyboxCommon:Produced_Time>
            </stixCommon:Time>
            <stixCommon:References>
                <stixCommon:Reference>https://twitter.com/dnstwist/status/1608996368646901760</stixCommon:Reference>
            </stixCommon:References>
        </stix:Information_Source>
    </stix:STIX_Header>
    <stix:Indicators>
        <stix:Indicator id="alienvault-otx:indicator-23f4e23f-4e63-3b0d-5f94-544a2ae4d73c" timestamp="2023-01-01T00:00:38" xsi:type="indicator:IndicatorType">
            <indicator:Title>verifyapple.com from https://otx.alienvault.com/pulse/63b0cd259d4d9619908e45cd</indicator:Title>
            <indicator:Observable id="alienvault-otx:Observable-23f4e23f-4e63-3b0d-5f94-544a2ae4d73c">
                <cybox:Title>domain - verifyapple.com</cybox:Title>
                <cybox:Object id="alienvault-otx:DomainName-ef96336b-5523-447a-85c7-9cd9e5933b5a">
                    <cybox:Properties xsi:type="DomainNameObj:DomainNameObjectType" type="FQDN">
                        <DomainNameObj:Value>verifyapple.com</DomainNameObj:Value>
                    </cybox:Properties>
                </cybox:Object>
            </indicator:Observable>
        </stix:Indicator>
    </stix:Indicators>
    <stix:Incidents>
        <stix:Incident id="alienvault-otx:incident-e370f09a-d9ed-4ab8-a07a-6852f2ca6840" timestamp="2023-09-06T05:52:50.544059+00:00" xsi:type="incident:IncidentType"/>
    </stix:Incidents>
</stix:STIX_Package>
    