<stix:STIX_Package xmlns:stixVocabs="http://stix.mitre.org/default_vocabularies-1" xmlns:DomainNameObj="http://cybox.mitre.org/objects#DomainNameObject-1" xmlns:simpleMarking="http://data-marking.mitre.org/extensions/MarkingStructure#Simple-1" xmlns:indicator="http://stix.mitre.org/Indicator-2" xmlns:stix="http://stix.mitre.org/stix-1" xmlns:cybox="http://cybox.mitre.org/cybox-2" xmlns:stixCommon="http://stix.mitre.org/common-1" xmlns:incident="http://stix.mitre.org/Incident-1" xmlns:marking="http://data-marking.mitre.org/Marking-1" xmlns:cyboxCommon="http://cybox.mitre.org/common-2" xmlns:alienvault-otx="https://otx.alienvault.com" xmlns:xlink="http://www.w3.org/1999/xlink" xmlns:ds="http://www.w3.org/2000/09/xmldsig#" xmlns:xs="http://www.w3.org/2001/XMLSchema" xmlns:xsi="http://www.w3.org/2001/XMLSchema-instance" xmlns:taxii="http://taxii.mitre.org/messages/taxii_xml_binding-1" xmlns:taxii_11="http://taxii.mitre.org/messages/taxii_xml_binding-1.1" xmlns:tdq="http://taxii.mitre.org/query/taxii_default_query-1" id="alienvault-otx:Package-0a0026e8-acf1-4e53-97bd-431c4a8badb9" version="1.2">
    <stix:STIX_Header>
        <stix:Title>Twitter Feed - silentpush_labs - 31-12-2022</stix:Title>
        <stix:Package_Intent xsi:type="stixVocabs:PackageIntentVocab-1.0">Indicators</stix:Package_Intent>
        <stix:Short_Description>https://otx.alienvault.com/pulse/63b0cd32028b1a7dba99f8f4</stix:Short_Description>
        <stix:Handling>
            <marking:Marking>
                <marking:Controlled_Structure>//node() | //@*</marking:Controlled_Structure>
                <marking:Marking_Structure xsi:type="simpleMarking:SimpleMarkingStructureType">
                    <simpleMarking:Statement>alienvault-otx-tags: phishing</simpleMarking:Statement>
                </marking:Marking_Structure>
            </marking:Marking>
        </stix:Handling>
        <stix:Information_Source>
            <stixCommon:Description>Alienvault OTX - https://otx.alienvault.com/</stixCommon:Description>
            <stixCommon:Identity>
                <stixCommon:Name>Alienvault OTX</stixCommon:Name>
            </stixCommon:Identity>
            <stixCommon:Time>
                <cyboxCommon:Produced_Time>2023-01-01T00:00:50.702000</cyboxCommon:Produced_Time>
            </stixCommon:Time>
            <stixCommon:References>
                <stixCommon:Reference>https://twitter.com/silentpush_labs/status/1609263242274082817</stixCommon:Reference>
            </stixCommon:References>
        </stix:Information_Source>
    </stix:STIX_Header>
    <stix:Indicators>
        <stix:Indicator id="alienvault-otx:indicator-71ad5c1d-561d-845b-d85d-5ad4821ddd33" timestamp="2023-01-01T00:00:51" xsi:type="indicator:IndicatorType">
            <indicator:Title>anzhelp-aus.com from https://otx.alienvault.com/pulse/63b0cd32028b1a7dba99f8f4</indicator:Title>
            <indicator:Observable id="alienvault-otx:Observable-71ad5c1d-561d-845b-d85d-5ad4821ddd33">
                <cybox:Title>domain - anzhelp-aus.com</cybox:Title>
                <cybox:Object id="alienvault-otx:DomainName-1087b719-4a81-4b46-b146-59d2c48cc4c3">
                    <cybox:Properties xsi:type="DomainNameObj:DomainNameObjectType" type="FQDN">
                        <DomainNameObj:Value>anzhelp-aus.com</DomainNameObj:Value>
                    </cybox:Properties>
                </cybox:Object>
            </indicator:Observable>
        </stix:Indicator>
    </stix:Indicators>
    <stix:Incidents>
        <stix:Incident id="alienvault-otx:incident-d4bf6af4-32ee-4721-9b24-8725e1414905" timestamp="2023-09-06T05:52:51.108061+00:00" xsi:type="incident:IncidentType"/>
    </stix:Incidents>
</stix:STIX_Package>
    