<stix:STIX_Package xmlns:stixVocabs="http://stix.mitre.org/default_vocabularies-1" xmlns:DomainNameObj="http://cybox.mitre.org/objects#DomainNameObject-1" xmlns:simpleMarking="http://data-marking.mitre.org/extensions/MarkingStructure#Simple-1" xmlns:stixCommon="http://stix.mitre.org/common-1" xmlns:cybox="http://cybox.mitre.org/cybox-2" xmlns:incident="http://stix.mitre.org/Incident-1" xmlns:cyboxCommon="http://cybox.mitre.org/common-2" xmlns:marking="http://data-marking.mitre.org/Marking-1" xmlns:stix="http://stix.mitre.org/stix-1" xmlns:indicator="http://stix.mitre.org/Indicator-2" xmlns:alienvault-otx="https://otx.alienvault.com" xmlns:xlink="http://www.w3.org/1999/xlink" xmlns:ds="http://www.w3.org/2000/09/xmldsig#" xmlns:xs="http://www.w3.org/2001/XMLSchema" xmlns:xsi="http://www.w3.org/2001/XMLSchema-instance" xmlns:taxii="http://taxii.mitre.org/messages/taxii_xml_binding-1" xmlns:taxii_11="http://taxii.mitre.org/messages/taxii_xml_binding-1.1" xmlns:tdq="http://taxii.mitre.org/query/taxii_default_query-1" id="alienvault-otx:Package-1a1ae554-3c8a-413a-9890-935b3b837fea" version="1.2">
    <stix:STIX_Header>
        <stix:Title>Active Beebone DGA(s) for 20230101</stix:Title>
        <stix:Package_Intent xsi:type="stixVocabs:PackageIntentVocab-1.0">Indicators</stix:Package_Intent>
        <stix:Description>Some active Beebone domains generated via DGA for 20230101.  For our Enterprise Threat Data services, please visit https://malwarepatrol.net/ or contact us at commercial@malwarepatrol.net.</stix:Description>
        <stix:Short_Description>https://otx.alienvault.com/pulse/63b21d755cf621a7c6c1e574</stix:Short_Description>
        <stix:Handling>
            <marking:Marking>
                <marking:Controlled_Structure>//node() | //@*</marking:Controlled_Structure>
                <marking:Marking_Structure xsi:type="simpleMarking:SimpleMarkingStructureType">
                    <simpleMarking:Statement>alienvault-otx-tags: Beebone, DGA</simpleMarking:Statement>
                </marking:Marking_Structure>
            </marking:Marking>
        </stix:Handling>
        <stix:Information_Source>
            <stixCommon:Description>Alienvault OTX - https://otx.alienvault.com/</stixCommon:Description>
            <stixCommon:Identity>
                <stixCommon:Name>Alienvault OTX</stixCommon:Name>
            </stixCommon:Identity>
            <stixCommon:Time>
                <cyboxCommon:Produced_Time>2023-01-01T23:55:33.079000</cyboxCommon:Produced_Time>
            </stixCommon:Time>
            <stixCommon:References>
                <stixCommon:Reference/>
            </stixCommon:References>
        </stix:Information_Source>
    </stix:STIX_Header>
    <stix:Indicators>
        <stix:Indicator id="alienvault-otx:indicator-048b8734-0fb9-79a6-2799-7cbc71d1945b" timestamp="2023-01-01T23:55:33" xsi:type="indicator:IndicatorType">
            <indicator:Title>ns1.backdates0.org from https://otx.alienvault.com/pulse/63b21d755cf621a7c6c1e574</indicator:Title>
            <indicator:Observable id="alienvault-otx:Observable-048b8734-0fb9-79a6-2799-7cbc71d1945b">
                <cybox:Title>hostname - ns1.backdates0.org</cybox:Title>
                <cybox:Object id="alienvault-otx:DomainName-0238c1f4-e97d-4649-adac-ada85726d883">
                    <cybox:Properties xsi:type="DomainNameObj:DomainNameObjectType" type="FQDN">
                        <DomainNameObj:Value>ns1.backdates0.org</DomainNameObj:Value>
                    </cybox:Properties>
                </cybox:Object>
            </indicator:Observable>
        </stix:Indicator>
        <stix:Indicator id="alienvault-otx:indicator-26ef1030-5925-1390-a351-4fe816cdeac3" timestamp="2023-01-01T23:55:33" xsi:type="indicator:IndicatorType">
            <indicator:Title>ns1.backdates10.com from https://otx.alienvault.com/pulse/63b21d755cf621a7c6c1e574</indicator:Title>
            <indicator:Observable id="alienvault-otx:Observable-26ef1030-5925-1390-a351-4fe816cdeac3">
                <cybox:Title>hostname - ns1.backdates10.com</cybox:Title>
                <cybox:Object id="alienvault-otx:DomainName-00863d46-0ea1-469d-812e-7135db6ef68e">
                    <cybox:Properties xsi:type="DomainNameObj:DomainNameObjectType" type="FQDN">
                        <DomainNameObj:Value>ns1.backdates10.com</DomainNameObj:Value>
                    </cybox:Properties>
                </cybox:Object>
            </indicator:Observable>
        </stix:Indicator>
        <stix:Indicator id="alienvault-otx:indicator-bae1f67d-a3f6-881c-092b-3cf38cc11bf0" timestamp="2023-01-01T23:55:33" xsi:type="indicator:IndicatorType">
            <indicator:Title>ns1.backdates12.com from https://otx.alienvault.com/pulse/63b21d755cf621a7c6c1e574</indicator:Title>
            <indicator:Observable id="alienvault-otx:Observable-bae1f67d-a3f6-881c-092b-3cf38cc11bf0">
                <cybox:Title>hostname - ns1.backdates12.com</cybox:Title>
                <cybox:Object id="alienvault-otx:DomainName-1512ce04-2865-40a3-8c6b-f17179efd6a4">
                    <cybox:Properties xsi:type="DomainNameObj:DomainNameObjectType" type="FQDN">
                        <DomainNameObj:Value>ns1.backdates12.com</DomainNameObj:Value>
                    </cybox:Properties>
                </cybox:Object>
            </indicator:Observable>
        </stix:Indicator>
        <stix:Indicator id="alienvault-otx:indicator-6491ece0-23d8-a907-4baa-11e4cb216d42" timestamp="2023-01-01T23:55:33" xsi:type="indicator:IndicatorType">
            <indicator:Title>ns1.backdates18.com from https://otx.alienvault.com/pulse/63b21d755cf621a7c6c1e574</indicator:Title>
            <indicator:Observable id="alienvault-otx:Observable-6491ece0-23d8-a907-4baa-11e4cb216d42">
                <cybox:Title>hostname - ns1.backdates18.com</cybox:Title>
                <cybox:Object id="alienvault-otx:DomainName-8d0409af-28ed-4928-b1e5-f2e79d18e3f6">
                    <cybox:Properties xsi:type="DomainNameObj:DomainNameObjectType" type="FQDN">
                        <DomainNameObj:Value>ns1.backdates18.com</DomainNameObj:Value>
                    </cybox:Properties>
                </cybox:Object>
            </indicator:Observable>
        </stix:Indicator>
        <stix:Indicator id="alienvault-otx:indicator-e18c6290-7d5e-27a4-3906-ce089ef21f33" timestamp="2023-01-01T23:55:33" xsi:type="indicator:IndicatorType">
            <indicator:Title>ns1.backdates2.org from https://otx.alienvault.com/pulse/63b21d755cf621a7c6c1e574</indicator:Title>
            <indicator:Observable id="alienvault-otx:Observable-e18c6290-7d5e-27a4-3906-ce089ef21f33">
                <cybox:Title>hostname - ns1.backdates2.org</cybox:Title>
                <cybox:Object id="alienvault-otx:DomainName-518da165-55ec-44ba-bff9-3f0295ef13ae">
                    <cybox:Properties xsi:type="DomainNameObj:DomainNameObjectType" type="FQDN">
                        <DomainNameObj:Value>ns1.backdates2.org</DomainNameObj:Value>
                    </cybox:Properties>
                </cybox:Object>
            </indicator:Observable>
        </stix:Indicator>
        <stix:Indicator id="alienvault-otx:indicator-51deffbc-09f2-9e22-2a55-21b7b9b96d6f" timestamp="2023-01-01T23:55:33" xsi:type="indicator:IndicatorType">
            <indicator:Title>ns1.backdates20.com from https://otx.alienvault.com/pulse/63b21d755cf621a7c6c1e574</indicator:Title>
            <indicator:Observable id="alienvault-otx:Observable-51deffbc-09f2-9e22-2a55-21b7b9b96d6f">
                <cybox:Title>hostname - ns1.backdates20.com</cybox:Title>
                <cybox:Object id="alienvault-otx:DomainName-edd9236d-d9db-4c73-8e75-36fac37c80f5">
                    <cybox:Properties xsi:type="DomainNameObj:DomainNameObjectType" type="FQDN">
                        <DomainNameObj:Value>ns1.backdates20.com</DomainNameObj:Value>
                    </cybox:Properties>
                </cybox:Object>
            </indicator:Observable>
        </stix:Indicator>
        <stix:Indicator id="alienvault-otx:indicator-7428975f-1b39-5a79-f038-3e0c961e3868" timestamp="2023-01-01T23:55:33" xsi:type="indicator:IndicatorType">
            <indicator:Title>ns1.backdates3.org from https://otx.alienvault.com/pulse/63b21d755cf621a7c6c1e574</indicator:Title>
            <indicator:Observable id="alienvault-otx:Observable-7428975f-1b39-5a79-f038-3e0c961e3868">
                <cybox:Title>hostname - ns1.backdates3.org</cybox:Title>
                <cybox:Object id="alienvault-otx:DomainName-8d653658-5ec3-4af7-bc5b-050d700680dc">
                    <cybox:Properties xsi:type="DomainNameObj:DomainNameObjectType" type="FQDN">
                        <DomainNameObj:Value>ns1.backdates3.org</DomainNameObj:Value>
                    </cybox:Properties>
                </cybox:Object>
            </indicator:Observable>
        </stix:Indicator>
        <stix:Indicator id="alienvault-otx:indicator-449a3c03-553f-8099-d51f-b7e84e2f2ecb" timestamp="2023-01-01T23:55:33" xsi:type="indicator:IndicatorType">
            <indicator:Title>ns1.backdates4.org from https://otx.alienvault.com/pulse/63b21d755cf621a7c6c1e574</indicator:Title>
            <indicator:Observable id="alienvault-otx:Observable-449a3c03-553f-8099-d51f-b7e84e2f2ecb">
                <cybox:Title>hostname - ns1.backdates4.org</cybox:Title>
                <cybox:Object id="alienvault-otx:DomainName-32f867b8-0cdb-43b8-a93f-24c73ec81d1a">
                    <cybox:Properties xsi:type="DomainNameObj:DomainNameObjectType" type="FQDN">
                        <DomainNameObj:Value>ns1.backdates4.org</DomainNameObj:Value>
                    </cybox:Properties>
                </cybox:Object>
            </indicator:Observable>
        </stix:Indicator>
        <stix:Indicator id="alienvault-otx:indicator-d31bef89-597a-a4ae-e592-d3ae4ee6839e" timestamp="2023-01-01T23:55:33" xsi:type="indicator:IndicatorType">
            <indicator:Title>ns1.backdates5.org from https://otx.alienvault.com/pulse/63b21d755cf621a7c6c1e574</indicator:Title>
            <indicator:Observable id="alienvault-otx:Observable-d31bef89-597a-a4ae-e592-d3ae4ee6839e">
                <cybox:Title>hostname - ns1.backdates5.org</cybox:Title>
                <cybox:Object id="alienvault-otx:DomainName-33e9a637-c132-45b5-8edb-18c9d99dd69c">
                    <cybox:Properties xsi:type="DomainNameObj:DomainNameObjectType" type="FQDN">
                        <DomainNameObj:Value>ns1.backdates5.org</DomainNameObj:Value>
                    </cybox:Properties>
                </cybox:Object>
            </indicator:Observable>
        </stix:Indicator>
        <stix:Indicator id="alienvault-otx:indicator-712753a3-b77a-6567-32cf-af9283d86dc5" timestamp="2023-01-01T23:55:33" xsi:type="indicator:IndicatorType">
            <indicator:Title>ns1.backdates6.org from https://otx.alienvault.com/pulse/63b21d755cf621a7c6c1e574</indicator:Title>
            <indicator:Observable id="alienvault-otx:Observable-712753a3-b77a-6567-32cf-af9283d86dc5">
                <cybox:Title>hostname - ns1.backdates6.org</cybox:Title>
                <cybox:Object id="alienvault-otx:DomainName-2bd7f623-8dce-47dc-920d-8158c2f83f56">
                    <cybox:Properties xsi:type="DomainNameObj:DomainNameObjectType" type="FQDN">
                        <DomainNameObj:Value>ns1.backdates6.org</DomainNameObj:Value>
                    </cybox:Properties>
                </cybox:Object>
            </indicator:Observable>
        </stix:Indicator>
        <stix:Indicator id="alienvault-otx:indicator-653974b6-95da-f06a-e66f-48da1754f2d9" timestamp="2023-01-01T23:55:33" xsi:type="indicator:IndicatorType">
            <indicator:Title>ns1.backdates8.org from https://otx.alienvault.com/pulse/63b21d755cf621a7c6c1e574</indicator:Title>
            <indicator:Observable id="alienvault-otx:Observable-653974b6-95da-f06a-e66f-48da1754f2d9">
                <cybox:Title>hostname - ns1.backdates8.org</cybox:Title>
                <cybox:Object id="alienvault-otx:DomainName-a3951848-c793-4ef6-a901-4937c607e2fd">
                    <cybox:Properties xsi:type="DomainNameObj:DomainNameObjectType" type="FQDN">
                        <DomainNameObj:Value>ns1.backdates8.org</DomainNameObj:Value>
                    </cybox:Properties>
                </cybox:Object>
            </indicator:Observable>
        </stix:Indicator>
        <stix:Indicator id="alienvault-otx:indicator-6dbc0bed-2dc8-4da0-c3a5-17a0432d6f69" timestamp="2023-01-01T23:55:33" xsi:type="indicator:IndicatorType">
            <indicator:Title>ns1.backdates9.org from https://otx.alienvault.com/pulse/63b21d755cf621a7c6c1e574</indicator:Title>
            <indicator:Observable id="alienvault-otx:Observable-6dbc0bed-2dc8-4da0-c3a5-17a0432d6f69">
                <cybox:Title>hostname - ns1.backdates9.org</cybox:Title>
                <cybox:Object id="alienvault-otx:DomainName-bb022c92-e2d5-499d-adad-489c8c10986c">
                    <cybox:Properties xsi:type="DomainNameObj:DomainNameObjectType" type="FQDN">
                        <DomainNameObj:Value>ns1.backdates9.org</DomainNameObj:Value>
                    </cybox:Properties>
                </cybox:Object>
            </indicator:Observable>
        </stix:Indicator>
        <stix:Indicator id="alienvault-otx:indicator-344220da-0c46-103e-9607-c4d78a50e3e8" timestamp="2023-01-01T23:55:33" xsi:type="indicator:IndicatorType">
            <indicator:Title>ns1.dnsfor10.com from https://otx.alienvault.com/pulse/63b21d755cf621a7c6c1e574</indicator:Title>
            <indicator:Observable id="alienvault-otx:Observable-344220da-0c46-103e-9607-c4d78a50e3e8">
                <cybox:Title>hostname - ns1.dnsfor10.com</cybox:Title>
                <cybox:Object id="alienvault-otx:DomainName-59c373b0-69f9-40e8-ae71-d2f79fed075e">
                    <cybox:Properties xsi:type="DomainNameObj:DomainNameObjectType" type="FQDN">
                        <DomainNameObj:Value>ns1.dnsfor10.com</DomainNameObj:Value>
                    </cybox:Properties>
                </cybox:Object>
            </indicator:Observable>
        </stix:Indicator>
        <stix:Indicator id="alienvault-otx:indicator-3f1d77b5-79bd-999c-6797-d4d7d0172ad8" timestamp="2023-01-01T23:55:33" xsi:type="indicator:IndicatorType">
            <indicator:Title>ns1.dnsfor11.com from https://otx.alienvault.com/pulse/63b21d755cf621a7c6c1e574</indicator:Title>
            <indicator:Observable id="alienvault-otx:Observable-3f1d77b5-79bd-999c-6797-d4d7d0172ad8">
                <cybox:Title>hostname - ns1.dnsfor11.com</cybox:Title>
                <cybox:Object id="alienvault-otx:DomainName-660b32f5-df3a-4188-86e8-037176f35737">
                    <cybox:Properties xsi:type="DomainNameObj:DomainNameObjectType" type="FQDN">
                        <DomainNameObj:Value>ns1.dnsfor11.com</DomainNameObj:Value>
                    </cybox:Properties>
                </cybox:Object>
            </indicator:Observable>
        </stix:Indicator>
        <stix:Indicator id="alienvault-otx:indicator-997681b7-f75a-0f29-b2ff-6e4d489ad70c" timestamp="2023-01-01T23:55:33" xsi:type="indicator:IndicatorType">
            <indicator:Title>ns1.dnsfor15.com from https://otx.alienvault.com/pulse/63b21d755cf621a7c6c1e574</indicator:Title>
            <indicator:Observable id="alienvault-otx:Observable-997681b7-f75a-0f29-b2ff-6e4d489ad70c">
                <cybox:Title>hostname - ns1.dnsfor15.com</cybox:Title>
                <cybox:Object id="alienvault-otx:DomainName-f1ff6da4-0ea1-4c51-8e36-8608fa8e7075">
                    <cybox:Properties xsi:type="DomainNameObj:DomainNameObjectType" type="FQDN">
                        <DomainNameObj:Value>ns1.dnsfor15.com</DomainNameObj:Value>
                    </cybox:Properties>
                </cybox:Object>
            </indicator:Observable>
        </stix:Indicator>
        <stix:Indicator id="alienvault-otx:indicator-2448784a-ecd5-ad8b-3dbe-213a200ac8e5" timestamp="2023-01-01T23:55:33" xsi:type="indicator:IndicatorType">
            <indicator:Title>ns1.dnsfor3.com from https://otx.alienvault.com/pulse/63b21d755cf621a7c6c1e574</indicator:Title>
            <indicator:Observable id="alienvault-otx:Observable-2448784a-ecd5-ad8b-3dbe-213a200ac8e5">
                <cybox:Title>hostname - ns1.dnsfor3.com</cybox:Title>
                <cybox:Object id="alienvault-otx:DomainName-f04ff489-96d5-4cad-91bb-64234c3b2e60">
                    <cybox:Properties xsi:type="DomainNameObj:DomainNameObjectType" type="FQDN">
                        <DomainNameObj:Value>ns1.dnsfor3.com</DomainNameObj:Value>
                    </cybox:Properties>
                </cybox:Object>
            </indicator:Observable>
        </stix:Indicator>
        <stix:Indicator id="alienvault-otx:indicator-2f821b3a-560b-97df-3d89-fc6cf4d4057f" timestamp="2023-01-01T23:55:33" xsi:type="indicator:IndicatorType">
            <indicator:Title>ns1.dnsfor7.com from https://otx.alienvault.com/pulse/63b21d755cf621a7c6c1e574</indicator:Title>
            <indicator:Observable id="alienvault-otx:Observable-2f821b3a-560b-97df-3d89-fc6cf4d4057f">
                <cybox:Title>hostname - ns1.dnsfor7.com</cybox:Title>
                <cybox:Object id="alienvault-otx:DomainName-1ca2e48b-fed8-4729-b32f-70d692e91d95">
                    <cybox:Properties xsi:type="DomainNameObj:DomainNameObjectType" type="FQDN">
                        <DomainNameObj:Value>ns1.dnsfor7.com</DomainNameObj:Value>
                    </cybox:Properties>
                </cybox:Object>
            </indicator:Observable>
        </stix:Indicator>
    </stix:Indicators>
    <stix:Incidents>
        <stix:Incident id="alienvault-otx:incident-ed8b9e55-1334-4a0e-966a-d3ccee5593ff" timestamp="2023-09-06T05:52:48.138515+00:00" xsi:type="incident:IncidentType">
            <incident:Description>Some active Beebone domains generated via DGA for 20230101.  For our Enterprise Threat Data services, please visit https://malwarepatrol.net/ or contact us at commercial@malwarepatrol.net.</incident:Description>
        </stix:Incident>
    </stix:Incidents>
</stix:STIX_Package>
    