<stix:STIX_Package xmlns:stixVocabs="http://stix.mitre.org/default_vocabularies-1" xmlns:DomainNameObj="http://cybox.mitre.org/objects#DomainNameObject-1" xmlns:simpleMarking="http://data-marking.mitre.org/extensions/MarkingStructure#Simple-1" xmlns:stixCommon="http://stix.mitre.org/common-1" xmlns:cybox="http://cybox.mitre.org/cybox-2" xmlns:incident="http://stix.mitre.org/Incident-1" xmlns:cyboxCommon="http://cybox.mitre.org/common-2" xmlns:marking="http://data-marking.mitre.org/Marking-1" xmlns:stix="http://stix.mitre.org/stix-1" xmlns:indicator="http://stix.mitre.org/Indicator-2" xmlns:alienvault-otx="https://otx.alienvault.com" xmlns:xlink="http://www.w3.org/1999/xlink" xmlns:ds="http://www.w3.org/2000/09/xmldsig#" xmlns:xs="http://www.w3.org/2001/XMLSchema" xmlns:xsi="http://www.w3.org/2001/XMLSchema-instance" xmlns:taxii="http://taxii.mitre.org/messages/taxii_xml_binding-1" xmlns:taxii_11="http://taxii.mitre.org/messages/taxii_xml_binding-1.1" xmlns:tdq="http://taxii.mitre.org/query/taxii_default_query-1" id="alienvault-otx:Package-411802be-d9d8-44f2-99d2-f1f35de17c23" version="1.2">
    <stix:STIX_Header>
        <stix:Title>Active Chinad DGA(s) for 20230101</stix:Title>
        <stix:Package_Intent xsi:type="stixVocabs:PackageIntentVocab-1.0">Indicators</stix:Package_Intent>
        <stix:Description>Some active Chinad domains generated via DGA for 20230101.  For our Enterprise Threat Data services, please visit https://malwarepatrol.net/ or contact us at commercial@malwarepatrol.net.</stix:Description>
        <stix:Short_Description>https://otx.alienvault.com/pulse/63b21d76194c0ee279ab3750</stix:Short_Description>
        <stix:Handling>
            <marking:Marking>
                <marking:Controlled_Structure>//node() | //@*</marking:Controlled_Structure>
                <marking:Marking_Structure xsi:type="simpleMarking:SimpleMarkingStructureType">
                    <simpleMarking:Statement>alienvault-otx-tags: Chinad, DGA</simpleMarking:Statement>
                </marking:Marking_Structure>
            </marking:Marking>
        </stix:Handling>
        <stix:Information_Source>
            <stixCommon:Description>Alienvault OTX - https://otx.alienvault.com/</stixCommon:Description>
            <stixCommon:Identity>
                <stixCommon:Name>Alienvault OTX</stixCommon:Name>
            </stixCommon:Identity>
            <stixCommon:Time>
                <cyboxCommon:Produced_Time>2023-01-01T23:55:34.505000</cyboxCommon:Produced_Time>
            </stixCommon:Time>
            <stixCommon:References>
                <stixCommon:Reference/>
            </stixCommon:References>
        </stix:Information_Source>
    </stix:STIX_Header>
    <stix:Indicators>
        <stix:Indicator id="alienvault-otx:indicator-0cd60984-124c-09b2-389d-c89c6354fd79" timestamp="2023-01-01T23:55:35" xsi:type="indicator:IndicatorType">
            <indicator:Title>l85x8s7qpkqaxl3w.info from https://otx.alienvault.com/pulse/63b21d76194c0ee279ab3750</indicator:Title>
            <indicator:Observable id="alienvault-otx:Observable-0cd60984-124c-09b2-389d-c89c6354fd79">
                <cybox:Title>domain - l85x8s7qpkqaxl3w.info</cybox:Title>
                <cybox:Object id="alienvault-otx:DomainName-d31f2491-284d-4fb5-9086-d4cacc6373ee">
                    <cybox:Properties xsi:type="DomainNameObj:DomainNameObjectType" type="FQDN">
                        <DomainNameObj:Value>l85x8s7qpkqaxl3w.info</DomainNameObj:Value>
                    </cybox:Properties>
                </cybox:Object>
            </indicator:Observable>
        </stix:Indicator>
    </stix:Indicators>
    <stix:Incidents>
        <stix:Incident id="alienvault-otx:incident-2e492c55-c63f-455a-a5d4-d3b88caa2395" timestamp="2023-09-06T05:52:48.157638+00:00" xsi:type="incident:IncidentType">
            <incident:Description>Some active Chinad domains generated via DGA for 20230101.  For our Enterprise Threat Data services, please visit https://malwarepatrol.net/ or contact us at commercial@malwarepatrol.net.</incident:Description>
        </stix:Incident>
    </stix:Incidents>
</stix:STIX_Package>
    