<stix:STIX_Package xmlns:simpleMarking="http://data-marking.mitre.org/extensions/MarkingStructure#Simple-1" xmlns:DomainNameObj="http://cybox.mitre.org/objects#DomainNameObject-1" xmlns:stixVocabs="http://stix.mitre.org/default_vocabularies-1" xmlns:stixCommon="http://stix.mitre.org/common-1" xmlns:cybox="http://cybox.mitre.org/cybox-2" xmlns:incident="http://stix.mitre.org/Incident-1" xmlns:cyboxCommon="http://cybox.mitre.org/common-2" xmlns:stix="http://stix.mitre.org/stix-1" xmlns:marking="http://data-marking.mitre.org/Marking-1" xmlns:indicator="http://stix.mitre.org/Indicator-2" xmlns:alienvault-otx="https://otx.alienvault.com" xmlns:xlink="http://www.w3.org/1999/xlink" xmlns:ds="http://www.w3.org/2000/09/xmldsig#" xmlns:xs="http://www.w3.org/2001/XMLSchema" xmlns:xsi="http://www.w3.org/2001/XMLSchema-instance" xmlns:taxii="http://taxii.mitre.org/messages/taxii_xml_binding-1" xmlns:taxii_11="http://taxii.mitre.org/messages/taxii_xml_binding-1.1" xmlns:tdq="http://taxii.mitre.org/query/taxii_default_query-1" id="alienvault-otx:Package-53443b3a-bc2d-4d2b-92ed-abb5a74bde28" version="1.2">
    <stix:STIX_Header>
        <stix:Title>Twitter Feed - Des00464472 - 01-12-2022</stix:Title>
        <stix:Package_Intent xsi:type="stixVocabs:PackageIntentVocab-1.0">Indicators</stix:Package_Intent>
        <stix:Short_Description>https://otx.alienvault.com/pulse/638940370a27b3beff259698</stix:Short_Description>
        <stix:Handling>
            <marking:Marking>
                <marking:Controlled_Structure>//node() | //@*</marking:Controlled_Structure>
                <marking:Marking_Structure xsi:type="simpleMarking:SimpleMarkingStructureType">
                    <simpleMarking:Statement>alienvault-otx-tags: malware</simpleMarking:Statement>
                </marking:Marking_Structure>
            </marking:Marking>
        </stix:Handling>
        <stix:Information_Source>
            <stixCommon:Description>Alienvault OTX - https://otx.alienvault.com/</stixCommon:Description>
            <stixCommon:Identity>
                <stixCommon:Name>Alienvault OTX</stixCommon:Name>
            </stixCommon:Identity>
            <stixCommon:Time>
                <cyboxCommon:Produced_Time>2023-01-01T00:52:34.528000</cyboxCommon:Produced_Time>
            </stixCommon:Time>
            <stixCommon:References>
                <stixCommon:Reference>https://twitter.com/Des00464472/status/1598189851605864448</stixCommon:Reference>
            </stixCommon:References>
        </stix:Information_Source>
    </stix:STIX_Header>
    <stix:Indicators>
        <stix:Indicator id="alienvault-otx:indicator-213d3d36-ff86-9e28-aceb-9a3f72688415" timestamp="2022-12-02T00:00:57" xsi:type="indicator:IndicatorType">
            <indicator:Title>mygtaeper.buzz from https://otx.alienvault.com/pulse/638940370a27b3beff259698</indicator:Title>
            <indicator:Observable id="alienvault-otx:Observable-213d3d36-ff86-9e28-aceb-9a3f72688415">
                <cybox:Title>domain - mygtaeper.buzz</cybox:Title>
                <cybox:Object id="alienvault-otx:DomainName-796e3ea5-e199-4002-899f-412a45ba6e2e">
                    <cybox:Properties xsi:type="DomainNameObj:DomainNameObjectType" type="FQDN">
                        <DomainNameObj:Value>mygtaeper.buzz</DomainNameObj:Value>
                    </cybox:Properties>
                </cybox:Object>
            </indicator:Observable>
        </stix:Indicator>
    </stix:Indicators>
    <stix:Incidents>
        <stix:Incident id="alienvault-otx:incident-0b6d5bb7-6e85-47fb-ac90-ad60145b312d" timestamp="2023-09-06T05:52:49.949335+00:00" xsi:type="incident:IncidentType"/>
    </stix:Incidents>
</stix:STIX_Package>
    