<stix:STIX_Package xmlns:stixVocabs="http://stix.mitre.org/default_vocabularies-1" xmlns:URIObj="http://cybox.mitre.org/objects#URIObject-2" xmlns:simpleMarking="http://data-marking.mitre.org/extensions/MarkingStructure#Simple-1" xmlns:indicator="http://stix.mitre.org/Indicator-2" xmlns:stix="http://stix.mitre.org/stix-1" xmlns:cybox="http://cybox.mitre.org/cybox-2" xmlns:stixCommon="http://stix.mitre.org/common-1" xmlns:incident="http://stix.mitre.org/Incident-1" xmlns:marking="http://data-marking.mitre.org/Marking-1" xmlns:cyboxCommon="http://cybox.mitre.org/common-2" xmlns:alienvault-otx="https://otx.alienvault.com" xmlns:xlink="http://www.w3.org/1999/xlink" xmlns:ds="http://www.w3.org/2000/09/xmldsig#" xmlns:xs="http://www.w3.org/2001/XMLSchema" xmlns:xsi="http://www.w3.org/2001/XMLSchema-instance" xmlns:taxii="http://taxii.mitre.org/messages/taxii_xml_binding-1" xmlns:taxii_11="http://taxii.mitre.org/messages/taxii_xml_binding-1.1" xmlns:tdq="http://taxii.mitre.org/query/taxii_default_query-1" id="alienvault-otx:Package-d1e32f47-9042-4a39-b0bb-6037e2d2409b" version="1.2">
    <stix:STIX_Header>
        <stix:Title>Twitter Feed - NoeliaMuehl - 31-12-2022</stix:Title>
        <stix:Package_Intent xsi:type="stixVocabs:PackageIntentVocab-1.0">Indicators</stix:Package_Intent>
        <stix:Short_Description>https://otx.alienvault.com/pulse/63b0cd311502dadfd8a7ef9a</stix:Short_Description>
        <stix:Handling>
            <marking:Marking>
                <marking:Controlled_Structure>//node() | //@*</marking:Controlled_Structure>
                <marking:Marking_Structure xsi:type="simpleMarking:SimpleMarkingStructureType">
                    <simpleMarking:Statement>alienvault-otx-tags: phishing, scam, malware</simpleMarking:Statement>
                </marking:Marking_Structure>
            </marking:Marking>
        </stix:Handling>
        <stix:Information_Source>
            <stixCommon:Description>Alienvault OTX - https://otx.alienvault.com/</stixCommon:Description>
            <stixCommon:Identity>
                <stixCommon:Name>Alienvault OTX</stixCommon:Name>
            </stixCommon:Identity>
            <stixCommon:Time>
                <cyboxCommon:Produced_Time>2023-01-01T00:00:49.335000</cyboxCommon:Produced_Time>
            </stixCommon:Time>
            <stixCommon:References>
                <stixCommon:Reference>https://twitter.com/NoeliaMuehl/status/1609229028585529349, https://twitter.com/NoeliaMuehl/status/1609231369929883648</stixCommon:Reference>
            </stixCommon:References>
        </stix:Information_Source>
    </stix:STIX_Header>
    <stix:Indicators>
        <stix:Indicator id="alienvault-otx:indicator-53b05c2e-de78-8ef4-2384-50b1b5c71ffd" timestamp="2023-01-01T00:00:50" xsi:type="indicator:IndicatorType">
            <indicator:Title>https://buff.jiangdakai.com/ from https://otx.alienvault.com/pulse/63b0cd311502dadfd8a7ef9a</indicator:Title>
            <indicator:Observable id="alienvault-otx:Observable-53b05c2e-de78-8ef4-2384-50b1b5c71ffd">
                <cybox:Title>URL - https://buff.jiangdakai.com/</cybox:Title>
                <cybox:Object id="alienvault-otx:URI-90b6254e-6b75-44ea-9741-6d66137c8d41">
                    <cybox:Properties xsi:type="URIObj:URIObjectType" type="URL">
                        <URIObj:Value>https://buff.jiangdakai.com/</URIObj:Value>
                    </cybox:Properties>
                </cybox:Object>
            </indicator:Observable>
        </stix:Indicator>
        <stix:Indicator id="alienvault-otx:indicator-2b785451-ff32-8cf8-8a77-9021487d0cf6" timestamp="2023-01-01T00:00:50" xsi:type="indicator:IndicatorType">
            <indicator:Title>http://moonbirds-event.xyz from https://otx.alienvault.com/pulse/63b0cd311502dadfd8a7ef9a</indicator:Title>
            <indicator:Observable id="alienvault-otx:Observable-2b785451-ff32-8cf8-8a77-9021487d0cf6">
                <cybox:Title>URL - http://moonbirds-event.xyz</cybox:Title>
                <cybox:Object id="alienvault-otx:URI-839bba20-f89d-4a51-a4f6-5d3eca79c354">
                    <cybox:Properties xsi:type="URIObj:URIObjectType" type="URL">
                        <URIObj:Value>http://moonbirds-event.xyz</URIObj:Value>
                    </cybox:Properties>
                </cybox:Object>
            </indicator:Observable>
        </stix:Indicator>
    </stix:Indicators>
    <stix:Incidents>
        <stix:Incident id="alienvault-otx:incident-50497056-cd7d-4680-853b-458463625616" timestamp="2023-09-06T05:52:51.091777+00:00" xsi:type="incident:IncidentType"/>
    </stix:Incidents>
</stix:STIX_Package>
    