{
    "id":"bundle--16494079-d557-49f7-a119-8b6eceb7a823",
    "objects":[
        {
            "created":"2014-11-19T19:00:59.709Z",
            "created_by_ref":"identity--ab072f15-9b87-4ee1-898f-b584d41f29b0",
            "id":"report--16494079-d557-49f7-a119-8b6eceb7a823",
            "labels":[
                "threat-report"
            ],
            "modified":"2017-10-31T23:40:15.891Z",
            "name":"PoS Scammers Toolbox",
            "object_refs":[
                "identity--ab072f15-9b87-4ee1-898f-b584d41f29b0",
                "indicator--d30aa0e6-d2a2-4ba7-a32d-2bf662669f65",
                "indicator--006a2f46-b75a-4b10-8848-77b980b8757b",
                "indicator--f1eb7a48-b96a-434b-b864-10562bcc7508",
                "indicator--873808e1-c06f-4632-9039-9523dc9ddd21",
                "indicator--fbdcb5ca-4b6c-4f71-9cfa-384cdf449f3b",
                "indicator--7e9c3e61-3ca3-49ad-a2d4-0b1015338666",
                "indicator--cd89cb99-69d0-4f83-af0d-87853f934465",
                "indicator--88941e92-5394-416d-bfea-505ff3d98277",
                "indicator--9d5e4e03-8878-4a12-8004-9f74391d9d1a",
                "indicator--d4ad7b4e-b067-42ea-92e1-10f9311634b4",
                "indicator--6e61af57-84b9-4b93-87a7-ea87d37b49b9",
                "indicator--e8482f75-bc05-4b59-86f7-15ed94ec907a",
                "indicator--6ea1b01e-4f45-476b-be1e-a2734704f05a",
                "indicator--c85bda9c-6cbd-4c52-a851-94ecb0adee71",
                "indicator--adcafb8c-0fb4-495a-a8a7-6d5acfb4e170",
                "indicator--37b20275-1de6-49e2-adc6-ff9be51684db",
                "indicator--08323765-7f3a-4860-94cd-3d93e2d96e38",
                "indicator--0d3b847a-5fb3-4e10-8e0b-6ed410639726",
                "indicator--f336c205-31ab-4f87-932e-7af2152f6d32",
                "indicator--997245b5-d41a-4e50-aa03-fa69baa25e08",
                "indicator--013ebf25-8e5e-4556-881c-3a1580c85fc4",
                "indicator--1c2a3f33-26fd-48a7-8fcc-be7b26fcca15",
                "indicator--2a78d2cb-b9a7-45ea-96d8-dc485da136ce",
                "indicator--99089063-cfae-45b5-9862-c5eaa8903a05",
                "indicator--332c3e89-e64c-4a8a-a128-8a6d09a512c1",
                "indicator--f18a672f-d20a-4ef5-9f49-3b4020066973",
                "indicator--2116359d-9ac4-4ac1-af73-07493ff04092",
                "indicator--d6d24505-66f7-4e69-b59d-c1e7cf0cde83"
            ],
            "published":"2014-11-19T19:00:59.709Z",
            "spec_version":"2.1",
            "type":"report"
        },
        {
            "contact_information":"https://otx.alienvault.com/",
            "created":"2014-11-19T19:00:59.709Z",
            "id":"identity--ab072f15-9b87-4ee1-898f-b584d41f29b0",
            "identity_class":"organization",
            "modified":"2014-11-19T19:00:59.709Z",
            "name":"Open Threat Exchange",
            "spec_version":"2.1",
            "type":"identity"
        },
        {
            "created":"2014-12-02T16:26:17.000Z",
            "description":"",
            "id":"indicator--d30aa0e6-d2a2-4ba7-a32d-2bf662669f65",
            "labels":[],
            "modified":"2014-12-02T16:26:17.000Z",
            "name":"OTX pulse_name=PoS Scammers Toolbox",
            "pattern":"[domain-name:value = 'cyberwise.biz']",
            "pattern_type":"stix",
            "pattern_version":"2.1",
            "spec_version":"2.1",
            "type":"indicator",
            "valid_from":"2014-12-02T16:26:17.000Z"
        },
        {
            "created":"2014-12-02T16:26:17.000Z",
            "description":"",
            "id":"indicator--006a2f46-b75a-4b10-8848-77b980b8757b",
            "labels":[],
            "modified":"2014-12-02T16:26:17.000Z",
            "name":"OTX pulse_name=PoS Scammers Toolbox",
            "pattern":"[domain-name:value = 'biketools.ru']",
            "pattern_type":"stix",
            "pattern_version":"2.1",
            "spec_version":"2.1",
            "type":"indicator",
            "valid_from":"2014-12-02T16:26:17.000Z"
        },
        {
            "created":"2014-12-02T16:26:17.000Z",
            "description":"",
            "id":"indicator--f1eb7a48-b96a-434b-b864-10562bcc7508",
            "labels":[],
            "modified":"2014-12-02T16:26:17.000Z",
            "name":"OTX pulse_name=PoS Scammers Toolbox",
            "pattern":"[domain-name:value = 'verified-deal.com']",
            "pattern_type":"stix",
            "pattern_version":"2.1",
            "spec_version":"2.1",
            "type":"indicator",
            "valid_from":"2014-12-02T16:26:17.000Z"
        },
        {
            "created":"2014-12-02T16:26:17.000Z",
            "description":"",
            "id":"indicator--873808e1-c06f-4632-9039-9523dc9ddd21",
            "labels":[],
            "modified":"2014-12-02T16:26:17.000Z",
            "name":"OTX pulse_name=PoS Scammers Toolbox",
            "pattern":"[domain-name:value = 'wordpress-catalog.com']",
            "pattern_type":"stix",
            "pattern_version":"2.1",
            "spec_version":"2.1",
            "type":"indicator",
            "valid_from":"2014-12-02T16:26:17.000Z"
        },
        {
            "created":"2014-12-02T16:26:17.000Z",
            "description":"",
            "id":"indicator--fbdcb5ca-4b6c-4f71-9cfa-384cdf449f3b",
            "labels":[],
            "modified":"2014-12-02T16:26:17.000Z",
            "name":"OTX pulse_name=PoS Scammers Toolbox",
            "pattern":"[domain-name:value = 'kitchentools.ru']",
            "pattern_type":"stix",
            "pattern_version":"2.1",
            "spec_version":"2.1",
            "type":"indicator",
            "valid_from":"2014-12-02T16:26:17.000Z"
        },
        {
            "created":"2014-12-02T16:26:17.000Z",
            "description":"",
            "id":"indicator--7e9c3e61-3ca3-49ad-a2d4-0b1015338666",
            "labels":[],
            "modified":"2014-12-02T16:26:17.000Z",
            "name":"OTX pulse_name=PoS Scammers Toolbox",
            "pattern":"[domain-name:value = 'cyclingtools.ru']",
            "pattern_type":"stix",
            "pattern_version":"2.1",
            "spec_version":"2.1",
            "type":"indicator",
            "valid_from":"2014-12-02T16:26:17.000Z"
        },
        {
            "created":"2014-12-02T16:26:17.000Z",
            "description":"",
            "id":"indicator--cd89cb99-69d0-4f83-af0d-87853f934465",
            "labels":[],
            "modified":"2014-12-02T16:26:17.000Z",
            "name":"OTX pulse_name=PoS Scammers Toolbox",
            "pattern":"[url:value = 'wordpress-catalog.com/something/login.php?p=Rome0']",
            "pattern_type":"stix",
            "pattern_version":"2.1",
            "spec_version":"2.1",
            "type":"indicator",
            "valid_from":"2014-12-02T16:26:17.000Z"
        },
        {
            "created":"2014-12-02T16:26:17.000Z",
            "description":"",
            "id":"indicator--88941e92-5394-416d-bfea-505ff3d98277",
            "labels":[],
            "modified":"2014-12-02T16:26:17.000Z",
            "name":"OTX pulse_name=PoS Scammers Toolbox",
            "pattern":"[url:value = 'https://cyclingtools.ru/phpbb/showtopic.php']",
            "pattern_type":"stix",
            "pattern_version":"2.1",
            "spec_version":"2.1",
            "type":"indicator",
            "valid_from":"2014-12-02T16:26:17.000Z"
        },
        {
            "created":"2014-12-02T16:26:17.000Z",
            "description":"",
            "id":"indicator--9d5e4e03-8878-4a12-8004-9f74391d9d1a",
            "labels":[],
            "modified":"2014-12-02T16:26:17.000Z",
            "name":"OTX pulse_name=PoS Scammers Toolbox",
            "pattern":"[url:value = 'https://blog.wordpress-catalog.com/']",
            "pattern_type":"stix",
            "pattern_version":"2.1",
            "spec_version":"2.1",
            "type":"indicator",
            "valid_from":"2014-12-02T16:26:17.000Z"
        },
        {
            "created":"2014-12-02T16:26:17.000Z",
            "description":"",
            "id":"indicator--d4ad7b4e-b067-42ea-92e1-10f9311634b4",
            "labels":[],
            "modified":"2014-12-02T16:26:17.000Z",
            "name":"OTX pulse_name=PoS Scammers Toolbox",
            "pattern":"[url:value = 'https://verified-deal.com/register/register.php']",
            "pattern_type":"stix",
            "pattern_version":"2.1",
            "spec_version":"2.1",
            "type":"indicator",
            "valid_from":"2014-12-02T16:26:17.000Z"
        },
        {
            "created":"2014-12-02T16:26:17.000Z",
            "description":"",
            "id":"indicator--6e61af57-84b9-4b93-87a7-ea87d37b49b9",
            "labels":[],
            "modified":"2014-12-02T16:26:17.000Z",
            "name":"OTX pulse_name=PoS Scammers Toolbox",
            "pattern":"[url:value = 'https://cyberwise.biz/register/register.php']",
            "pattern_type":"stix",
            "pattern_version":"2.1",
            "spec_version":"2.1",
            "type":"indicator",
            "valid_from":"2014-12-02T16:26:17.000Z"
        },
        {
            "created":"2014-12-02T16:26:17.000Z",
            "description":"",
            "id":"indicator--e8482f75-bc05-4b59-86f7-15ed94ec907a",
            "labels":[],
            "modified":"2014-12-02T16:26:17.000Z",
            "name":"OTX pulse_name=PoS Scammers Toolbox",
            "pattern":"[url:value = 'https://biketools.ru/phpbb/showtopic.php']",
            "pattern_type":"stix",
            "pattern_version":"2.1",
            "spec_version":"2.1",
            "type":"indicator",
            "valid_from":"2014-12-02T16:26:17.000Z"
        },
        {
            "created":"2014-12-02T16:26:17.000Z",
            "description":"",
            "id":"indicator--6ea1b01e-4f45-476b-be1e-a2734704f05a",
            "labels":[],
            "modified":"2014-12-02T16:26:17.000Z",
            "name":"OTX pulse_name=PoS Scammers Toolbox",
            "pattern":"[url:value = 'http://143biz.cc.md-14.webhostbox.net/accounts.wordpress-catalog.com']",
            "pattern_type":"stix",
            "pattern_version":"2.1",
            "spec_version":"2.1",
            "type":"indicator",
            "valid_from":"2014-12-02T16:26:17.000Z"
        },
        {
            "created":"2014-12-02T16:26:17.000Z",
            "description":"",
            "id":"indicator--c85bda9c-6cbd-4c52-a851-94ecb0adee71",
            "labels":[],
            "modified":"2014-12-02T16:26:17.000Z",
            "name":"OTX pulse_name=PoS Scammers Toolbox",
            "pattern":"[url:value = 'https://kitchentools.ru/phpbb/showtopic.php']",
            "pattern_type":"stix",
            "pattern_version":"2.1",
            "spec_version":"2.1",
            "type":"indicator",
            "valid_from":"2014-12-02T16:26:17.000Z"
        },
        {
            "created":"2014-12-02T16:26:17.000Z",
            "description":"",
            "id":"indicator--adcafb8c-0fb4-495a-a8a7-6d5acfb4e170",
            "labels":[],
            "modified":"2014-12-02T16:26:17.000Z",
            "name":"OTX pulse_name=PoS Scammers Toolbox",
            "pattern":"[url:value = 'http://143biz.cc.md-14.webhostbox.net']",
            "pattern_type":"stix",
            "pattern_version":"2.1",
            "spec_version":"2.1",
            "type":"indicator",
            "valid_from":"2014-12-02T16:26:17.000Z"
        },
        {
            "created":"2014-12-02T16:26:17.000Z",
            "description":"",
            "id":"indicator--37b20275-1de6-49e2-adc6-ff9be51684db",
            "labels":[],
            "modified":"2014-12-02T16:26:17.000Z",
            "name":"OTX pulse_name=PoS Scammers Toolbox",
            "pattern":"[url:value = 'http://143biz.cc.md-14.webhostbox.net/something/login.php?p=Rome0']",
            "pattern_type":"stix",
            "pattern_version":"2.1",
            "spec_version":"2.1",
            "type":"indicator",
            "valid_from":"2014-12-02T16:26:17.000Z"
        },
        {
            "created":"2014-12-02T16:26:17.000Z",
            "description":"",
            "id":"indicator--08323765-7f3a-4860-94cd-3d93e2d96e38",
            "labels":[],
            "modified":"2014-12-02T16:26:17.000Z",
            "name":"OTX pulse_name=PoS Scammers Toolbox",
            "pattern":"[domain-name:value = '143biz.cc.md-14.webhostbox.net']",
            "pattern_type":"stix",
            "pattern_version":"2.1",
            "spec_version":"2.1",
            "type":"indicator",
            "valid_from":"2014-12-02T16:26:17.000Z"
        },
        {
            "created":"2014-12-02T16:26:17.000Z",
            "description":"",
            "id":"indicator--0d3b847a-5fb3-4e10-8e0b-6ed410639726",
            "labels":[],
            "modified":"2014-12-02T16:26:17.000Z",
            "name":"OTX pulse_name=PoS Scammers Toolbox",
            "pattern":"[domain-name:value = 'blog.wordpress-catalog.com']",
            "pattern_type":"stix",
            "pattern_version":"2.1",
            "spec_version":"2.1",
            "type":"indicator",
            "valid_from":"2014-12-02T16:26:17.000Z"
        },
        {
            "created":"2014-12-02T16:26:17.000Z",
            "description":"",
            "id":"indicator--f336c205-31ab-4f87-932e-7af2152f6d32",
            "labels":[],
            "modified":"2014-12-02T16:26:17.000Z",
            "name":"OTX pulse_name=PoS Scammers Toolbox",
            "pattern":"[file:hashes.MD5 = '8b5436ca6e520d6942087bb38e97da65']",
            "pattern_type":"stix",
            "pattern_version":"2.1",
            "spec_version":"2.1",
            "type":"indicator",
            "valid_from":"2014-12-02T16:26:17.000Z"
        },
        {
            "created":"2014-12-02T16:26:17.000Z",
            "description":"",
            "id":"indicator--997245b5-d41a-4e50-aa03-fa69baa25e08",
            "labels":[],
            "modified":"2014-12-02T16:26:17.000Z",
            "name":"OTX pulse_name=PoS Scammers Toolbox",
            "pattern":"[file:hashes.MD5 = '0fb00a8ad217abe9d92a1faa397842dc']",
            "pattern_type":"stix",
            "pattern_version":"2.1",
            "spec_version":"2.1",
            "type":"indicator",
            "valid_from":"2014-12-02T16:26:17.000Z"
        },
        {
            "created":"2014-12-02T16:26:17.000Z",
            "description":"",
            "id":"indicator--013ebf25-8e5e-4556-881c-3a1580c85fc4",
            "labels":[],
            "modified":"2014-12-02T16:26:17.000Z",
            "name":"OTX pulse_name=PoS Scammers Toolbox",
            "pattern":"[file:hashes.MD5 = '9223e3472e8ff9ddfa0d0dbad573d530']",
            "pattern_type":"stix",
            "pattern_version":"2.1",
            "spec_version":"2.1",
            "type":"indicator",
            "valid_from":"2014-12-02T16:26:17.000Z"
        },
        {
            "created":"2014-12-02T16:26:17.000Z",
            "description":"",
            "id":"indicator--1c2a3f33-26fd-48a7-8fcc-be7b26fcca15",
            "labels":[],
            "modified":"2014-12-02T16:26:17.000Z",
            "name":"OTX pulse_name=PoS Scammers Toolbox",
            "pattern":"[file:hashes.MD5 = 'f9cbd1c3c48c873f3bff8c957ae280c7']",
            "pattern_type":"stix",
            "pattern_version":"2.1",
            "spec_version":"2.1",
            "type":"indicator",
            "valid_from":"2014-12-02T16:26:17.000Z"
        },
        {
            "created":"2014-12-02T16:26:17.000Z",
            "description":"",
            "id":"indicator--2a78d2cb-b9a7-45ea-96d8-dc485da136ce",
            "labels":[],
            "modified":"2014-12-02T16:26:17.000Z",
            "name":"OTX pulse_name=PoS Scammers Toolbox",
            "pattern":"[file:hashes.MD5 = '5843ae35bdeb4ca577054936c5c3944e']",
            "pattern_type":"stix",
            "pattern_version":"2.1",
            "spec_version":"2.1",
            "type":"indicator",
            "valid_from":"2014-12-02T16:26:17.000Z"
        },
        {
            "created":"2014-12-02T16:26:17.000Z",
            "description":"",
            "id":"indicator--99089063-cfae-45b5-9862-c5eaa8903a05",
            "labels":[],
            "modified":"2014-12-02T16:26:17.000Z",
            "name":"OTX pulse_name=PoS Scammers Toolbox",
            "pattern":"[file:hashes.MD5 = '7a5580ddf2eb2fc4f4a0ea28c40f0da9']",
            "pattern_type":"stix",
            "pattern_version":"2.1",
            "spec_version":"2.1",
            "type":"indicator",
            "valid_from":"2014-12-02T16:26:17.000Z"
        },
        {
            "created":"2014-12-02T16:26:17.000Z",
            "description":"",
            "id":"indicator--332c3e89-e64c-4a8a-a128-8a6d09a512c1",
            "labels":[],
            "modified":"2014-12-02T16:26:17.000Z",
            "name":"OTX pulse_name=PoS Scammers Toolbox",
            "pattern":"[file:hashes.MD5 = '01d12f4f2f0d3019756d83e94e3b564b']",
            "pattern_type":"stix",
            "pattern_version":"2.1",
            "spec_version":"2.1",
            "type":"indicator",
            "valid_from":"2014-12-02T16:26:17.000Z"
        },
        {
            "created":"2014-12-02T16:26:17.000Z",
            "description":"",
            "id":"indicator--f18a672f-d20a-4ef5-9f49-3b4020066973",
            "labels":[],
            "modified":"2014-12-02T16:26:17.000Z",
            "name":"OTX pulse_name=PoS Scammers Toolbox",
            "pattern":"[file:hashes.MD5 = '028c9a1619f96dbfd29ca64199f4acde']",
            "pattern_type":"stix",
            "pattern_version":"2.1",
            "spec_version":"2.1",
            "type":"indicator",
            "valid_from":"2014-12-02T16:26:17.000Z"
        },
        {
            "created":"2017-07-24T21:42:36.000Z",
            "description":"BackoffROM",
            "id":"indicator--2116359d-9ac4-4ac1-af73-07493ff04092",
            "labels":[
                "file_scanning"
            ],
            "modified":"2017-07-24T21:42:36.000Z",
            "name":"OTX pulse_name=PoS Scammers Toolbox",
            "pattern":"rule BackoffROM    \n   {   \n   \tmeta:   \n   \t\tauthor = \"Alienvault Labs\"   \n   \t\treference = \"http://blog.fortinet.com/post/rom-a-new-version-of-the-backoff-pos-malware\"   \n   \tstrings:   \n   \t\t$mz = {4d 5a}   \n   \t\t$mutex = \"aMD6qt7lWb1N3TNBSe4N\"   \n   \t\t$httpparam1 = \"data=%s\"   \n   \t\t$httpparam2 = \"oprat=%d\"   \n   \t\t$httpparam3 = \"uid=%s\"   \n   \t\t$httpparam4 = \"uinfo=%s\"   \n   \t\t$httpparam5 = \"win=%d\"   \n   \t\t$httpparam6 = \"grup=%s\"   \n   \t\t$httpparam7 = \"vers=%s\"   \n   \tcondition:   \n   \t\t($mz at 0) and ($mutex or all of ($httpparam*))   \n   }",
            "pattern_type":"yara",
            "spec_version":"2.1",
            "type":"indicator",
            "valid_from":"2017-07-24T21:42:36.000Z"
        },
        {
            "created":"2017-07-24T21:42:36.000Z",
            "description":"BackoffROMHashes",
            "id":"indicator--d6d24505-66f7-4e69-b59d-c1e7cf0cde83",
            "labels":[
                "file_scanning"
            ],
            "modified":"2017-07-24T21:42:36.000Z",
            "name":"OTX pulse_name=PoS Scammers Toolbox",
            "pattern":"rule BackoffROMHashes   \n   {   \n   \tmeta:   \n   \t\tauthor = \"Alienvault Labs\"   \n   \t\treference_hash = \"35fb5c75a5b472eb2c6fd059ca136a9e,01dd913425f36e56e42fec6f96282a3d\"   \n   \t\treference = \"http://blog.fortinet.com/post/rom-a-new-version-of-the-backoff-pos-malware\"   \n   \tstrings:   \n   \t\t$mz = {4d 5a}   \n   \t\t$func1 = {56 57 8B F9 33 F6 8B D6 85 FF ?? ?? 33 C0 ?? ?? 0F B7 0F 8B C6 66 85 C9 ?? ?? 66 83 F9 2E 0F 44 D0 40 0F B7 0C 47 66 85 C9 ?? ?? 85 D2 ?? ?? 8B D0 53 8B DE 85 D2 ?? ?? 8A 04 5F 0C 20 0F BE C8 03 F1 C1 E1 07 33 F1 43 3B DA}   \n   \t\t$func2 = {7E 7C 00 00 73 37 00 00 68 07 00 00 0A 31 00 00 C6 0C 00 00 2E 35 00 00 02 31 00 00 1A 34 00 00 88 03 00 00 1B 4F 00 00 2C 27 00 00 FB 0E 00 00 25 01 00 00 ED 0C 00 00 64 03 00 00 26 3F 00 00 16 36 00 00 1B 0B 00 00 34 34 00 00 84 08 00 00 07 0A 00 00 9A 0B 00 00 FD 72 00 00 7D 3D 00 00 F1 07 00 00 85 3F 00 00 99 2B 00 00 24 3C 00 00 55 6C 7B 6F 2F 29 00 00 6E 75 79 68 6E 4A 6D 6B 75 54 67 44 00 00 00 00 66 4F 68 4A 63 41 51 6B 36 4F 00 00}   \n   \tcondition:   \n   \t\t($mz at 0) and (any of ($func*))   \n   }",
            "pattern_type":"yara",
            "spec_version":"2.1",
            "type":"indicator",
            "valid_from":"2017-07-24T21:42:36.000Z"
        }
    ],
    "spec_version":"2.1",
    "type":"bundle"
}