{
    "id":"bundle--8ac8be63-19ca-4527-b340-6634612e32d5",
    "objects":[
        {
            "created":"2014-11-19T19:55:38.646Z",
            "created_by_ref":"identity--ab072f15-9b87-4ee1-898f-b584d41f29b0",
            "id":"report--8ac8be63-19ca-4527-b340-6634612e32d5",
            "labels":[
                "threat-report"
            ],
            "modified":"2015-07-29T18:41:42.015Z",
            "name":" RAZOR BLADES IN THE CANDY JAR",
            "object_refs":[
                "identity--ab072f15-9b87-4ee1-898f-b584d41f29b0",
                "indicator--8e9712bf-d94d-4bee-badb-ff86a8d7042e",
                "indicator--02778979-f48b-4422-9c63-30c4267e9bea",
                "indicator--190d7c46-2010-4471-9721-45ae0c8ef6c0",
                "indicator--31709f99-d042-4455-bec3-43fffe596d37",
                "indicator--6b0023b0-cce6-4dc7-ba21-6d84af45218f",
                "indicator--ea6dfc01-cd1a-44a2-92b4-7ec35020bfb7",
                "indicator--cd469184-0230-4c05-a9ac-802067facab1",
                "indicator--4b5c0fd4-2d50-4975-a5ca-df98f04c595a",
                "indicator--ff1648f2-7ad8-41df-9737-8d2844f8a3d2",
                "indicator--ca1287bb-8daf-4c63-a569-19ff61473c80",
                "indicator--61f8dab7-e176-4d96-a178-baa0c165830d"
            ],
            "published":"2014-11-19T19:55:38.646Z",
            "spec_version":"2.1",
            "type":"report"
        },
        {
            "contact_information":"https://otx.alienvault.com/",
            "created":"2014-11-19T19:55:38.646Z",
            "id":"identity--ab072f15-9b87-4ee1-898f-b584d41f29b0",
            "identity_class":"organization",
            "modified":"2014-11-19T19:55:38.646Z",
            "name":"Open Threat Exchange",
            "spec_version":"2.1",
            "type":"identity"
        },
        {
            "created":"2014-12-02T16:26:17.000Z",
            "description":"",
            "id":"indicator--8e9712bf-d94d-4bee-badb-ff86a8d7042e",
            "labels":[],
            "modified":"2014-12-02T16:26:17.000Z",
            "name":"OTX pulse_name= RAZOR BLADES IN THE CANDY JAR",
            "pattern":"[domain-name:value = 'src.sandcastlesmagazine.com']",
            "pattern_type":"stix",
            "pattern_version":"2.1",
            "spec_version":"2.1",
            "type":"indicator",
            "valid_from":"2014-12-02T16:26:17.000Z"
        },
        {
            "created":"2014-12-02T16:26:17.000Z",
            "description":"",
            "id":"indicator--02778979-f48b-4422-9c63-30c4267e9bea",
            "labels":[],
            "modified":"2014-12-02T16:26:17.000Z",
            "name":"OTX pulse_name= RAZOR BLADES IN THE CANDY JAR",
            "pattern":"[domain-name:value = 'img.lakeforestparkhome.info']",
            "pattern_type":"stix",
            "pattern_version":"2.1",
            "spec_version":"2.1",
            "type":"indicator",
            "valid_from":"2014-12-02T16:26:17.000Z"
        },
        {
            "created":"2014-12-02T16:26:17.000Z",
            "description":"",
            "id":"indicator--190d7c46-2010-4471-9721-45ae0c8ef6c0",
            "labels":[],
            "modified":"2014-12-02T16:26:17.000Z",
            "name":"OTX pulse_name= RAZOR BLADES IN THE CANDY JAR",
            "pattern":"[domain-name:value = 'cdn.jameswoodwardmusic.com']",
            "pattern_type":"stix",
            "pattern_version":"2.1",
            "spec_version":"2.1",
            "type":"indicator",
            "valid_from":"2014-12-02T16:26:17.000Z"
        },
        {
            "created":"2014-12-02T16:26:17.000Z",
            "description":"",
            "id":"indicator--31709f99-d042-4455-bec3-43fffe596d37",
            "labels":[],
            "modified":"2014-12-02T16:26:17.000Z",
            "name":"OTX pulse_name= RAZOR BLADES IN THE CANDY JAR",
            "pattern":"[domain-name:value = 'cdn2.movetoclarksville.com']",
            "pattern_type":"stix",
            "pattern_version":"2.1",
            "spec_version":"2.1",
            "type":"indicator",
            "valid_from":"2014-12-02T16:26:17.000Z"
        },
        {
            "created":"2014-12-02T16:26:17.000Z",
            "description":"",
            "id":"indicator--6b0023b0-cce6-4dc7-ba21-6d84af45218f",
            "labels":[],
            "modified":"2014-12-02T16:26:17.000Z",
            "name":"OTX pulse_name= RAZOR BLADES IN THE CANDY JAR",
            "pattern":"[domain-name:value = 'cdn.movetoclarksville.com']",
            "pattern_type":"stix",
            "pattern_version":"2.1",
            "spec_version":"2.1",
            "type":"indicator",
            "valid_from":"2014-12-02T16:26:17.000Z"
        },
        {
            "created":"2014-12-02T16:26:17.000Z",
            "description":"",
            "id":"indicator--ea6dfc01-cd1a-44a2-92b4-7ec35020bfb7",
            "labels":[],
            "modified":"2014-12-02T16:26:17.000Z",
            "name":"OTX pulse_name= RAZOR BLADES IN THE CANDY JAR",
            "pattern":"[domain-name:value = 'img.greenwoodhouse.info']",
            "pattern_type":"stix",
            "pattern_version":"2.1",
            "spec_version":"2.1",
            "type":"indicator",
            "valid_from":"2014-12-02T16:26:17.000Z"
        },
        {
            "created":"2014-12-02T16:26:17.000Z",
            "description":"",
            "id":"indicator--cd469184-0230-4c05-a9ac-802067facab1",
            "labels":[],
            "modified":"2014-12-02T16:26:17.000Z",
            "name":"OTX pulse_name= RAZOR BLADES IN THE CANDY JAR",
            "pattern":"[domain-name:value = 'yimg.1stdayofwinter.com']",
            "pattern_type":"stix",
            "pattern_version":"2.1",
            "spec_version":"2.1",
            "type":"indicator",
            "valid_from":"2014-12-02T16:26:17.000Z"
        },
        {
            "created":"2014-12-02T16:26:17.000Z",
            "description":"",
            "id":"indicator--4b5c0fd4-2d50-4975-a5ca-df98f04c595a",
            "labels":[],
            "modified":"2014-12-02T16:26:17.000Z",
            "name":"OTX pulse_name= RAZOR BLADES IN THE CANDY JAR",
            "pattern":"[domain-name:value = 'yimg.1208nw199thpl.info']",
            "pattern_type":"stix",
            "pattern_version":"2.1",
            "spec_version":"2.1",
            "type":"indicator",
            "valid_from":"2014-12-02T16:26:17.000Z"
        },
        {
            "created":"2014-12-02T16:26:17.000Z",
            "description":"",
            "id":"indicator--ff1648f2-7ad8-41df-9737-8d2844f8a3d2",
            "labels":[],
            "modified":"2014-12-02T16:26:17.000Z",
            "name":"OTX pulse_name= RAZOR BLADES IN THE CANDY JAR",
            "pattern":"[domain-name:value = 'src.sheffieldwoods.org']",
            "pattern_type":"stix",
            "pattern_version":"2.1",
            "spec_version":"2.1",
            "type":"indicator",
            "valid_from":"2014-12-02T16:26:17.000Z"
        },
        {
            "created":"2014-12-02T16:26:17.000Z",
            "description":"",
            "id":"indicator--ca1287bb-8daf-4c63-a569-19ff61473c80",
            "labels":[],
            "modified":"2014-12-02T16:26:17.000Z",
            "name":"OTX pulse_name= RAZOR BLADES IN THE CANDY JAR",
            "pattern":"[domain-name:value = 'img.kirklandhouse.info']",
            "pattern_type":"stix",
            "pattern_version":"2.1",
            "spec_version":"2.1",
            "type":"indicator",
            "valid_from":"2014-12-02T16:26:17.000Z"
        },
        {
            "created":"2014-12-02T16:26:17.000Z",
            "description":"",
            "id":"indicator--61f8dab7-e176-4d96-a178-baa0c165830d",
            "labels":[],
            "modified":"2014-12-02T16:26:17.000Z",
            "name":"OTX pulse_name= RAZOR BLADES IN THE CANDY JAR",
            "pattern":"[domain-name:value = 'img.broadviewhome.info']",
            "pattern_type":"stix",
            "pattern_version":"2.1",
            "spec_version":"2.1",
            "type":"indicator",
            "valid_from":"2014-12-02T16:26:17.000Z"
        }
    ],
    "spec_version":"2.1",
    "type":"bundle"
}