{
    "id":"bundle--bd7e9c70-a717-4a8b-8435-6f84fb3449cc",
    "objects":[
        {
            "created":"2014-11-20T18:09:19.132Z",
            "created_by_ref":"identity--ab072f15-9b87-4ee1-898f-b584d41f29b0",
            "id":"report--bd7e9c70-a717-4a8b-8435-6f84fb3449cc",
            "labels":[
                "threat-report"
            ],
            "modified":"2017-08-24T09:27:22.531Z",
            "name":"Linking Asprox, Zemot, Rovix and  Rerdom Malware Families ",
            "object_refs":[
                "identity--ab072f15-9b87-4ee1-898f-b584d41f29b0",
                "indicator--9ba6b530-3c26-41d6-a499-7846af2060a3",
                "indicator--a42aee45-70e1-4f0f-9403-6c0eddfda003",
                "indicator--8a4ff715-2cd1-4dbb-a1bd-9961be3c7b3b",
                "indicator--8a5c160a-fb09-41d9-964e-64d304156268",
                "indicator--ef2fef78-9d64-47a6-a749-0012554c7d46",
                "indicator--5769ad6c-d7d9-4fd8-bd12-ec06019a3513",
                "indicator--fb0e20f4-68e5-4fc9-b69a-f81414b185df",
                "indicator--1e22c6f6-d5ef-4f59-9693-25b06d44cf86",
                "indicator--487aebf2-c2bc-40dc-987d-f34cf05d6afa",
                "indicator--626fd004-7f88-4850-b688-700387eaf634"
            ],
            "published":"2014-11-20T18:09:19.132Z",
            "spec_version":"2.1",
            "type":"report"
        },
        {
            "contact_information":"https://otx.alienvault.com/",
            "created":"2014-11-20T18:09:19.132Z",
            "id":"identity--ab072f15-9b87-4ee1-898f-b584d41f29b0",
            "identity_class":"organization",
            "modified":"2014-11-20T18:09:19.132Z",
            "name":"Open Threat Exchange",
            "spec_version":"2.1",
            "type":"identity"
        },
        {
            "created":"2017-08-24T09:27:23.000Z",
            "description":"",
            "id":"indicator--9ba6b530-3c26-41d6-a499-7846af2060a3",
            "labels":[],
            "modified":"2017-08-24T09:27:23.000Z",
            "name":"OTX pulse_name=Linking Asprox, Zemot, Rovix and  Rerdom Malware Families ",
            "pattern":"[domain-name:value = 'lowbalance.su']",
            "pattern_type":"stix",
            "pattern_version":"2.1",
            "spec_version":"2.1",
            "type":"indicator",
            "valid_from":"2017-08-24T09:27:23.000Z"
        },
        {
            "created":"2017-08-24T09:27:23.000Z",
            "description":"",
            "id":"indicator--a42aee45-70e1-4f0f-9403-6c0eddfda003",
            "labels":[],
            "modified":"2017-08-24T09:27:23.000Z",
            "name":"OTX pulse_name=Linking Asprox, Zemot, Rovix and  Rerdom Malware Families ",
            "pattern":"[domain-name:value = 'brokenpiano.ru']",
            "pattern_type":"stix",
            "pattern_version":"2.1",
            "spec_version":"2.1",
            "type":"indicator",
            "valid_from":"2017-08-24T09:27:23.000Z"
        },
        {
            "created":"2017-08-24T09:27:23.000Z",
            "description":"",
            "id":"indicator--8a4ff715-2cd1-4dbb-a1bd-9961be3c7b3b",
            "labels":[],
            "modified":"2017-08-24T09:27:23.000Z",
            "name":"OTX pulse_name=Linking Asprox, Zemot, Rovix and  Rerdom Malware Families ",
            "pattern":"[domain-name:value = 'everydaypp.ru']",
            "pattern_type":"stix",
            "pattern_version":"2.1",
            "spec_version":"2.1",
            "type":"indicator",
            "valid_from":"2017-08-24T09:27:23.000Z"
        },
        {
            "created":"2017-08-24T09:27:23.000Z",
            "description":"",
            "id":"indicator--8a5c160a-fb09-41d9-964e-64d304156268",
            "labels":[],
            "modified":"2017-08-24T09:27:23.000Z",
            "name":"OTX pulse_name=Linking Asprox, Zemot, Rovix and  Rerdom Malware Families ",
            "pattern":"[domain-name:value = 'oldfirefox.su']",
            "pattern_type":"stix",
            "pattern_version":"2.1",
            "spec_version":"2.1",
            "type":"indicator",
            "valid_from":"2017-08-24T09:27:23.000Z"
        },
        {
            "created":"2017-08-24T09:27:23.000Z",
            "description":"",
            "id":"indicator--ef2fef78-9d64-47a6-a749-0012554c7d46",
            "labels":[],
            "modified":"2017-08-24T09:27:23.000Z",
            "name":"OTX pulse_name=Linking Asprox, Zemot, Rovix and  Rerdom Malware Families ",
            "pattern":"[domain-name:value = 'irishjuice.su']",
            "pattern_type":"stix",
            "pattern_version":"2.1",
            "spec_version":"2.1",
            "type":"indicator",
            "valid_from":"2017-08-24T09:27:23.000Z"
        },
        {
            "created":"2017-08-24T09:27:23.000Z",
            "description":"",
            "id":"indicator--5769ad6c-d7d9-4fd8-bd12-ec06019a3513",
            "labels":[],
            "modified":"2017-08-24T09:27:23.000Z",
            "name":"OTX pulse_name=Linking Asprox, Zemot, Rovix and  Rerdom Malware Families ",
            "pattern":"[domain-name:value = 'nitmurmansk.su']",
            "pattern_type":"stix",
            "pattern_version":"2.1",
            "spec_version":"2.1",
            "type":"indicator",
            "valid_from":"2017-08-24T09:27:23.000Z"
        },
        {
            "created":"2017-08-24T09:27:23.000Z",
            "description":"",
            "id":"indicator--fb0e20f4-68e5-4fc9-b69a-f81414b185df",
            "labels":[],
            "modified":"2017-08-24T09:27:23.000Z",
            "name":"OTX pulse_name=Linking Asprox, Zemot, Rovix and  Rerdom Malware Families ",
            "pattern":"[file:hashes.MD5 = 'd38a9b4d0c17c954080b86bb79a25272']",
            "pattern_type":"stix",
            "pattern_version":"2.1",
            "spec_version":"2.1",
            "type":"indicator",
            "valid_from":"2017-08-24T09:27:23.000Z"
        },
        {
            "created":"2017-08-24T09:27:23.000Z",
            "description":"",
            "id":"indicator--1e22c6f6-d5ef-4f59-9693-25b06d44cf86",
            "labels":[],
            "modified":"2017-08-24T09:27:23.000Z",
            "name":"OTX pulse_name=Linking Asprox, Zemot, Rovix and  Rerdom Malware Families ",
            "pattern":"[file:hashes.MD5 = '54b5c261ecbd63118f1a135cb4f091d6']",
            "pattern_type":"stix",
            "pattern_version":"2.1",
            "spec_version":"2.1",
            "type":"indicator",
            "valid_from":"2017-08-24T09:27:23.000Z"
        },
        {
            "created":"2017-08-24T09:27:23.000Z",
            "description":"",
            "id":"indicator--487aebf2-c2bc-40dc-987d-f34cf05d6afa",
            "labels":[],
            "modified":"2017-08-24T09:27:23.000Z",
            "name":"OTX pulse_name=Linking Asprox, Zemot, Rovix and  Rerdom Malware Families ",
            "pattern":"[file:hashes.MD5 = '44994d7d75e6c6f215d239bba5d8f411']",
            "pattern_type":"stix",
            "pattern_version":"2.1",
            "spec_version":"2.1",
            "type":"indicator",
            "valid_from":"2017-08-24T09:27:23.000Z"
        },
        {
            "created":"2017-08-24T09:27:23.000Z",
            "description":"",
            "id":"indicator--626fd004-7f88-4850-b688-700387eaf634",
            "labels":[],
            "modified":"2017-08-24T09:27:23.000Z",
            "name":"OTX pulse_name=Linking Asprox, Zemot, Rovix and  Rerdom Malware Families ",
            "pattern":"[file:hashes.MD5 = '7166665cf5d69422fb710009161faf64']",
            "pattern_type":"stix",
            "pattern_version":"2.1",
            "spec_version":"2.1",
            "type":"indicator",
            "valid_from":"2017-08-24T09:27:23.000Z"
        }
    ],
    "spec_version":"2.1",
    "type":"bundle"
}