{
    "id":"bundle--5883f639-e0f2-446f-87bc-fee46205dd21",
    "objects":[
        {
            "created":"2014-11-21T23:16:15.351Z",
            "created_by_ref":"identity--ab072f15-9b87-4ee1-898f-b584d41f29b0",
            "id":"report--5883f639-e0f2-446f-87bc-fee46205dd21",
            "labels":[
                "threat-report"
            ],
            "modified":"2017-08-24T10:52:02.614Z",
            "name":"Operation Double Tap",
            "object_refs":[
                "identity--ab072f15-9b87-4ee1-898f-b584d41f29b0",
                "indicator--38f8f444-e4c3-4348-ba8f-4bec31b2ba8e",
                "indicator--a1f40271-768b-4ded-81a0-fe9addfc68cc",
                "indicator--aa661a42-7551-4de0-83c4-b9a590b85c00",
                "indicator--5036fd26-278f-4600-9ffe-faa65e341537",
                "indicator--5c712efb-82f4-445c-8ff7-95d83191a954",
                "indicator--7f4d1f09-e92e-422a-a78d-a1910aba9b4d",
                "indicator--4c0a800d-a155-42f8-862c-fdddb569771e",
                "indicator--30a2a6c6-373a-41aa-995b-bd2e617b1351",
                "indicator--61a39715-ef83-471c-b635-9ebf1484bc2b",
                "indicator--e71cb57e-8dc1-4986-afef-2032a45bfb2b",
                "indicator--ecc33c0e-8e46-44ab-8f28-67e2e5d5bc93",
                "indicator--e9ea6402-d039-4863-ab00-710c29f9908e",
                "indicator--9bec99cb-a423-4a0d-ab8c-cce8e2d11a77",
                "indicator--a6307c34-e32f-46c2-b069-27c2cb6ea5f3",
                "indicator--6cdf1ebf-1b3f-45d0-b204-fdaf78a8f114",
                "indicator--d992f233-f69f-4e98-869f-2558bede2008",
                "indicator--b856ba43-d04e-4f5c-87c9-697a07e024f5",
                "indicator--fba5349e-0a50-421f-81c4-ebca31ea9336",
                "indicator--e7f18696-0dbc-47ba-9d7a-fa6dd6f995f2",
                "indicator--340f546b-275b-4b27-a958-77a7f5a91979",
                "indicator--a9f5cbad-b2e2-41e5-b40c-5583f952cf0e",
                "vulnerability--8fd8e04d-afd1-499d-95cb-fd09dcf251b9",
                "vulnerability--0fe639aa-7a19-4f90-afc2-21b4e1bca7eb"
            ],
            "published":"2014-11-21T23:16:15.351Z",
            "spec_version":"2.1",
            "type":"report"
        },
        {
            "contact_information":"https://otx.alienvault.com/",
            "created":"2014-11-21T23:16:15.351Z",
            "id":"identity--ab072f15-9b87-4ee1-898f-b584d41f29b0",
            "identity_class":"organization",
            "modified":"2014-11-21T23:16:15.351Z",
            "name":"Open Threat Exchange",
            "spec_version":"2.1",
            "type":"identity"
        },
        {
            "created":"2017-08-24T10:52:03.000Z",
            "description":"",
            "id":"indicator--38f8f444-e4c3-4348-ba8f-4bec31b2ba8e",
            "labels":[],
            "modified":"2017-08-24T10:52:03.000Z",
            "name":"OTX pulse_name=Operation Double Tap",
            "pattern":"[domain-name:value = 'securitywap.com']",
            "pattern_type":"stix",
            "pattern_version":"2.1",
            "spec_version":"2.1",
            "type":"indicator",
            "valid_from":"2017-08-24T10:52:03.000Z"
        },
        {
            "created":"2017-08-24T10:52:03.000Z",
            "description":"",
            "id":"indicator--a1f40271-768b-4ded-81a0-fe9addfc68cc",
            "labels":[],
            "modified":"2017-08-24T10:52:03.000Z",
            "name":"OTX pulse_name=Operation Double Tap",
            "pattern":"[domain-name:value = 'walterclean.com']",
            "pattern_type":"stix",
            "pattern_version":"2.1",
            "spec_version":"2.1",
            "type":"indicator",
            "valid_from":"2017-08-24T10:52:03.000Z"
        },
        {
            "created":"2017-08-24T10:52:03.000Z",
            "description":"",
            "id":"indicator--aa661a42-7551-4de0-83c4-b9a590b85c00",
            "labels":[],
            "modified":"2017-08-24T10:52:03.000Z",
            "name":"OTX pulse_name=Operation Double Tap",
            "pattern":"[domain-name:value = 'lamb-site.com']",
            "pattern_type":"stix",
            "pattern_version":"2.1",
            "spec_version":"2.1",
            "type":"indicator",
            "valid_from":"2017-08-24T10:52:03.000Z"
        },
        {
            "created":"2017-08-24T10:52:03.000Z",
            "description":"",
            "id":"indicator--5036fd26-278f-4600-9ffe-faa65e341537",
            "labels":[],
            "modified":"2017-08-24T10:52:03.000Z",
            "name":"OTX pulse_name=Operation Double Tap",
            "pattern":"[domain-name:value = 'playboysplus.com']",
            "pattern_type":"stix",
            "pattern_version":"2.1",
            "spec_version":"2.1",
            "type":"indicator",
            "valid_from":"2017-08-24T10:52:03.000Z"
        },
        {
            "created":"2017-08-24T10:52:03.000Z",
            "description":"",
            "id":"indicator--5c712efb-82f4-445c-8ff7-95d83191a954",
            "labels":[],
            "modified":"2017-08-24T10:52:03.000Z",
            "name":"OTX pulse_name=Operation Double Tap",
            "pattern":"[domain-name:value = 'bedircati.com']",
            "pattern_type":"stix",
            "pattern_version":"2.1",
            "spec_version":"2.1",
            "type":"indicator",
            "valid_from":"2017-08-24T10:52:03.000Z"
        },
        {
            "created":"2017-08-24T10:52:03.000Z",
            "description":"",
            "id":"indicator--7f4d1f09-e92e-422a-a78d-a1910aba9b4d",
            "labels":[],
            "modified":"2017-08-24T10:52:03.000Z",
            "name":"OTX pulse_name=Operation Double Tap",
            "pattern":"[url:value = 'http://www.playboysplus.com']",
            "pattern_type":"stix",
            "pattern_version":"2.1",
            "spec_version":"2.1",
            "type":"indicator",
            "valid_from":"2017-08-24T10:52:03.000Z"
        },
        {
            "created":"2017-08-24T10:52:03.000Z",
            "description":"",
            "id":"indicator--4c0a800d-a155-42f8-862c-fdddb569771e",
            "labels":[],
            "modified":"2017-08-24T10:52:03.000Z",
            "name":"OTX pulse_name=Operation Double Tap",
            "pattern":"[url:value = 'http://join.playboysplus.com/signup/']",
            "pattern_type":"stix",
            "pattern_version":"2.1",
            "spec_version":"2.1",
            "type":"indicator",
            "valid_from":"2017-08-24T10:52:03.000Z"
        },
        {
            "created":"2017-08-24T10:52:03.000Z",
            "description":"",
            "id":"indicator--30a2a6c6-373a-41aa-995b-bd2e617b1351",
            "labels":[],
            "modified":"2017-08-24T10:52:03.000Z",
            "name":"OTX pulse_name=Operation Double Tap",
            "pattern":"[domain-name:value = 'join.playboysplus.com']",
            "pattern_type":"stix",
            "pattern_version":"2.1",
            "spec_version":"2.1",
            "type":"indicator",
            "valid_from":"2017-08-24T10:52:03.000Z"
        },
        {
            "created":"2017-08-24T10:52:03.000Z",
            "description":"",
            "id":"indicator--61a39715-ef83-471c-b635-9ebf1484bc2b",
            "labels":[],
            "modified":"2017-08-24T10:52:03.000Z",
            "name":"OTX pulse_name=Operation Double Tap",
            "pattern":"[domain-name:value = 'inform.bedircati.com']",
            "pattern_type":"stix",
            "pattern_version":"2.1",
            "spec_version":"2.1",
            "type":"indicator",
            "valid_from":"2017-08-24T10:52:03.000Z"
        },
        {
            "created":"2017-08-24T10:52:03.000Z",
            "description":"",
            "id":"indicator--e71cb57e-8dc1-4986-afef-2032a45bfb2b",
            "labels":[],
            "modified":"2017-08-24T10:52:03.000Z",
            "name":"OTX pulse_name=Operation Double Tap",
            "pattern":"[domain-name:value = 'www.securitywap.com']",
            "pattern_type":"stix",
            "pattern_version":"2.1",
            "spec_version":"2.1",
            "type":"indicator",
            "valid_from":"2017-08-24T10:52:03.000Z"
        },
        {
            "created":"2017-08-24T10:52:03.000Z",
            "description":"",
            "id":"indicator--ecc33c0e-8e46-44ab-8f28-67e2e5d5bc93",
            "labels":[],
            "modified":"2017-08-24T10:52:03.000Z",
            "name":"OTX pulse_name=Operation Double Tap",
            "pattern":"[domain-name:value = 'www.walterclean.com']",
            "pattern_type":"stix",
            "pattern_version":"2.1",
            "spec_version":"2.1",
            "type":"indicator",
            "valid_from":"2017-08-24T10:52:03.000Z"
        },
        {
            "created":"2017-08-24T10:52:03.000Z",
            "description":"",
            "id":"indicator--e9ea6402-d039-4863-ab00-710c29f9908e",
            "labels":[],
            "modified":"2017-08-24T10:52:03.000Z",
            "name":"OTX pulse_name=Operation Double Tap",
            "pattern":"[domain-name:value = 'pn.lamb-site.com']",
            "pattern_type":"stix",
            "pattern_version":"2.1",
            "spec_version":"2.1",
            "type":"indicator",
            "valid_from":"2017-08-24T10:52:03.000Z"
        },
        {
            "created":"2017-08-24T10:52:03.000Z",
            "description":"",
            "id":"indicator--9bec99cb-a423-4a0d-ab8c-cce8e2d11a77",
            "labels":[],
            "modified":"2017-08-24T10:52:03.000Z",
            "name":"OTX pulse_name=Operation Double Tap",
            "pattern":"[file:hashes.MD5 = 'f34d5f2d4577ed6d9ceec516c1f5a744']",
            "pattern_type":"stix",
            "pattern_version":"2.1",
            "spec_version":"2.1",
            "type":"indicator",
            "valid_from":"2017-08-24T10:52:03.000Z"
        },
        {
            "created":"2017-08-24T10:52:03.000Z",
            "description":"",
            "id":"indicator--a6307c34-e32f-46c2-b069-27c2cb6ea5f3",
            "labels":[],
            "modified":"2017-08-24T10:52:03.000Z",
            "name":"OTX pulse_name=Operation Double Tap",
            "pattern":"[file:hashes.MD5 = '492a839a3bf9c61b7065589a18c5aa8d']",
            "pattern_type":"stix",
            "pattern_version":"2.1",
            "spec_version":"2.1",
            "type":"indicator",
            "valid_from":"2017-08-24T10:52:03.000Z"
        },
        {
            "created":"2017-08-24T10:52:03.000Z",
            "description":"",
            "id":"indicator--6cdf1ebf-1b3f-45d0-b204-fdaf78a8f114",
            "labels":[],
            "modified":"2017-08-24T10:52:03.000Z",
            "name":"OTX pulse_name=Operation Double Tap",
            "pattern":"[file:hashes.MD5 = '5a0c4e1925c76a959ab0588f683ab437']",
            "pattern_type":"stix",
            "pattern_version":"2.1",
            "spec_version":"2.1",
            "type":"indicator",
            "valid_from":"2017-08-24T10:52:03.000Z"
        },
        {
            "created":"2017-08-24T10:52:03.000Z",
            "description":"",
            "id":"indicator--d992f233-f69f-4e98-869f-2558bede2008",
            "labels":[],
            "modified":"2017-08-24T10:52:03.000Z",
            "name":"OTX pulse_name=Operation Double Tap",
            "pattern":"[file:hashes.MD5 = '6b8611f8148a6b51e37fd68e75b6a81c']",
            "pattern_type":"stix",
            "pattern_version":"2.1",
            "spec_version":"2.1",
            "type":"indicator",
            "valid_from":"2017-08-24T10:52:03.000Z"
        },
        {
            "created":"2017-08-24T10:52:03.000Z",
            "description":"",
            "id":"indicator--b856ba43-d04e-4f5c-87c9-697a07e024f5",
            "labels":[],
            "modified":"2017-08-24T10:52:03.000Z",
            "name":"OTX pulse_name=Operation Double Tap",
            "pattern":"[file:hashes.MD5 = '9342d18e7d315117f23db7553d59a9d1']",
            "pattern_type":"stix",
            "pattern_version":"2.1",
            "spec_version":"2.1",
            "type":"indicator",
            "valid_from":"2017-08-24T10:52:03.000Z"
        },
        {
            "created":"2017-08-24T10:52:03.000Z",
            "description":"",
            "id":"indicator--fba5349e-0a50-421f-81c4-ebca31ea9336",
            "labels":[],
            "modified":"2017-08-24T10:52:03.000Z",
            "name":"OTX pulse_name=Operation Double Tap",
            "pattern":"[file:hashes.MD5 = '5c08957f05377004376e6a622406f9aa']",
            "pattern_type":"stix",
            "pattern_version":"2.1",
            "spec_version":"2.1",
            "type":"indicator",
            "valid_from":"2017-08-24T10:52:03.000Z"
        },
        {
            "created":"2017-08-24T10:52:03.000Z",
            "description":"",
            "id":"indicator--e7f18696-0dbc-47ba-9d7a-fa6dd6f995f2",
            "labels":[],
            "modified":"2017-08-24T10:52:03.000Z",
            "name":"OTX pulse_name=Operation Double Tap",
            "pattern":"[file:hashes.MD5 = '2fab77a3ff40e4f6d9b5b7e813c618e4']",
            "pattern_type":"stix",
            "pattern_version":"2.1",
            "spec_version":"2.1",
            "type":"indicator",
            "valid_from":"2017-08-24T10:52:03.000Z"
        },
        {
            "created":"2017-08-24T10:52:03.000Z",
            "description":"",
            "id":"indicator--340f546b-275b-4b27-a958-77a7f5a91979",
            "labels":[],
            "modified":"2017-08-24T10:52:03.000Z",
            "name":"OTX pulse_name=Operation Double Tap",
            "pattern":"[file:hashes.MD5 = '8849538ef1c3471640230605c2623c67']",
            "pattern_type":"stix",
            "pattern_version":"2.1",
            "spec_version":"2.1",
            "type":"indicator",
            "valid_from":"2017-08-24T10:52:03.000Z"
        },
        {
            "created":"2017-08-24T10:52:03.000Z",
            "description":"",
            "id":"indicator--a9f5cbad-b2e2-41e5-b40c-5583f952cf0e",
            "labels":[],
            "modified":"2017-08-24T10:52:03.000Z",
            "name":"OTX pulse_name=Operation Double Tap",
            "pattern":"[file:hashes.MD5 = '744a17a3bc6dbd535f568ef1e87d8b9a']",
            "pattern_type":"stix",
            "pattern_version":"2.1",
            "spec_version":"2.1",
            "type":"indicator",
            "valid_from":"2017-08-24T10:52:03.000Z"
        },
        {
            "created":"2017-08-24T10:52:03.000Z",
            "external_references":[
                {
                    "external_id":"CVE-2014-4113",
                    "source_name":"cve"
                }
            ],
            "id":"vulnerability--8fd8e04d-afd1-499d-95cb-fd09dcf251b9",
            "modified":"2017-08-24T10:52:03.000Z",
            "name":"CVE-2014-4113",
            "spec_version":"2.1",
            "type":"vulnerability"
        },
        {
            "created":"2017-08-24T10:52:03.000Z",
            "external_references":[
                {
                    "external_id":"CVE-2014-6332",
                    "source_name":"cve"
                }
            ],
            "id":"vulnerability--0fe639aa-7a19-4f90-afc2-21b4e1bca7eb",
            "modified":"2017-08-24T10:52:03.000Z",
            "name":"CVE-2014-6332",
            "spec_version":"2.1",
            "type":"vulnerability"
        }
    ],
    "spec_version":"2.1",
    "type":"bundle"
}